Scan Code,Age,Gender,Ethnicity,Height cm,Weight kg,Head Circumference,Abdomen Circum Tape Measure,Abdomen Height,Abdomen Rise,Axilla Chest Circumference Tape Measure,Across Axilla Chest Back Length,Across Axilla Chest Front Length,Across Back Tape Measurement,Across Chest Tape Measurement,Ankle Circumference Left,Ankle Circumference Right,Arm Hole Circumference Left,Arm Hole Circumference Right,Arm Length Left,Arm Length Right,Arm Under Length Left,Arm Under Length Right,Back Neck to Back Chest Vertical Length,Back Neck to Shoulder Blade Tape Measure,Back Neck to Back Chest Contour Length,Back Shoulder Width Horizontal,Back Shoulder Width at 45 Degree Angle,Back Shoulder Width Through Back Of Neck,Back Vertical Rise,Bicep Circumference Left,Bicep Circumference Right,Bust Girth With Drop Tape Measure,Bust Prominence Left,Bust Prominence Right,Bust To Bust Length,Calf Circumference Left,Calf Circumference Right,Center Trunk Length Tape Measure,Cervicale to Bust Length Left,Cervicale to Bust Length Right,Chest / Bust Circum Tape Measure,Chin Height,Collar Circumference,Crotch Height,Crotch Length Full,Elbow Circumference Tape Measure Left,Elbow Circumference Tape Measure Right,Elbow Height Left,Elbow Height Right,Elbow Height Waist Tape Measure,Foot Length Left,Foot Length Right,Forearm Circumference Left,Forearm Circumference Right,Front Hip Tape Measure,Front Jacket Tape Measure,Front Shoulder Width,Front Vertical Rise,Front Waist Tape Measure,Half Back Center Tape Measure,Halter,Head Circumference2,Hinged Bust Circumference,Hinged Upper Bust Circumference,Hip Circum Tape Measure,Hips Two Inches Above Crotch,Horizontal Waist Tape Measure,Horizontal Waist Height,Inseam Left,Inseam Right,Knee Circumference Left,Knee Circumference Right,Mid Shoulder Height Left,Mid Shoulder Height Right,Mid Shoulder To Bust Length Left,Mid Shoulder To Bust Length Right,MidThigh Circumference Left,MidThigh Circumference Right,Min Lower Leg Girth Left,Min Lower Leg Girth Right,Min lower leg Height Left,Min lower leg Height Right,Narrow Waist Tape Measure,Neck Circumference,Outside Leg Length Left,Outside Leg Length Right,Over Arm Circum Tape Measure,Pants Waist Tape Measure,Seat Circum Tape Measure,Seat Fold Height,Shoulder Arc Left,Shoulder Arc Right,Shoulder Circumference,Shoulder Length Left,Shoulder Length Right,Shoulder Slope Left,Shoulder Slope Right,Side Back Waist to Floor Left,Side Back Waist to Floor Right,Side Neck to Bust length Left,Side Neck to Bust length Right,Side Neck Trunk Length Tape Measure,Sleeve Length Left,Sleeve Length Right,Stomach FP Circum Tape Measure,Stomach Max Circum Tape Measure,Subject Height,Thigh Circumference Left,Thigh Circumference Right,Thigh Height Left,Thigh Height Right,Underbust Circum Tape Measure,UnderKnee Circumference Left,UnderKnee Circumference Right,UnderKnee Height Left,UnderKnee Height Right,Upper Bust Front Length,Vertical Trunk Circumference Left,Vertical Trunk Circumference Right,Waist at 50%,Narrow Waist,Waist Circum Tape Measure,Waist Height,Wrist Circumference Left,Wrist Circumference Right
27,20,F,A - White ,158.20,72.05,56.00,102.16,85.08,13.84,104.20,46.64,57.49,28.55,45.89,26.64,26.72,46.68,45.65,53.60,53.61,40.10,42.12,26.15,20.44,28.43,40.40,36.85,37.24,18.30,33.09,30.83,102.60,22.82,26.19,16.43,41.26,41.26,142.21,37.53,36.71,106.45,135.53,34.21,71.23,49.61,26.20,26.81,100.76,100.57,89.76,23.93,24.22,26.09,26.46,54.44,71.52,40.38,13.84,50.03,50.27,95.73,48.51,115.86,98.11,109.75,109.64,100.74,89.53,72.33,72.24,41.96,40.52,132.94,133.57,29.19,29.77,51.54,53.03,25.89,26.88,11.61,8.82,87.55,37.11,87.86,87.88,121.30,101.34,106.24,72.65,59.87,59.89,107.69,11.93,11.99,25.02,23.13,90.07,89.97,28.17,29.63,157.63,71.00,71.77,92.39,100.37,158.82,62.84,63.50,66.15,66.15,87.64,40.01,39.67,39.24,39.46,39.74,157.60,158.05,95.73,87.88,99.61,87.60,16.44,17.57
28,20,F,A - White ,158.50,57.15,60.00,92.18,88.32,16.28,87.48,40.56,46.92,26.95,40.54,21.53,21.13,40.04,43.10,55.40,55.14,43.11,43.60,23.84,19.94,25.54,38.75,35.69,35.61,20.03,27.26,26.01,83.76,22.00,22.58,11.97,36.06,35.69,139.50,33.19,34.53,86.37,136.66,34.01,72.04,52.15,24.76,23.80,100.20,99.64,75.17,21.07,19.24,24.40,23.88,50.83,68.21,36.40,16.28,44.94,46.35,79.35,59.35,93.82,86.89,102.40,102.04,89.32,92.07,73.33,72.65,36.10,35.19,132.60,132.73,25.28,25.50,43.52,43.84,21.70,21.31,10.69,10.69,71.79,37.77,90.98,90.43,107.73,92.69,98.22,74.29,54.08,53.21,98.88,11.91,9.53,25.89,25.75,92.51,92.86,23.47,24.75,149.60,71.62,71.76,90.18,88.99,160.34,53.76,56.00,66.96,66.96,76.01,35.18,34.10,39.25,39.10,37.37,148.90,147.32,81.09,71.79,90.56,90.13,16.85,16.01
46,20,F,A - White ,161.90,60.65,57.20,93.57,92.36,17.69,91.15,39.80,50.88,25.40,38.28,24.30,24.52,42.97,41.13,53.82,53.99,40.26,42.22,23.31,18.92,24.01,41.20,36.51,36.51,21.68,30.07,27.22,90.77,27.05,26.43,11.53,36.38,36.62,136.44,35.24,36.01,93.28,138.78,33.00,74.66,56.88,23.77,23.92,105.19,103.44,73.49,22.45,23.00,23.85,24.24,49.97,69.13,36.41,17.69,48.72,43.30,90.71,65.05,105.67,87.26,103.96,103.47,89.45,96.34,75.62,75.42,35.80,36.70,135.96,135.34,27.47,27.43,45.50,45.95,23.48,24.20,11.67,11.83,73.51,36.58,95.25,95.38,112.09,92.09,99.29,75.64,55.34,53.89,99.50,11.45,10.61,17.91,20.38,97.06,97.14,25.40,25.31,152.62,69.64,71.77,93.61,89.15,163.94,57.76,58.71,69.58,69.58,75.63,34.47,34.87,40.71,39.84,38.58,153.60,151.52,81.06,73.57,91.84,94.96,16.25,16.29
52,20,F,A - White ,163.00,49.00,55.70,84.48,92.76,18.04,87.52,41.24,46.01,27.09,37.07,23.41,23.70,41.29,41.43,68.93,68.65,55.82,56.77,19.33,18.05,19.78,36.86,34.22,35.32,22.66,25.61,25.50,81.35,22.00,23.07,13.85,35.81,36.31,134.74,35.03,34.78,86.05,137.66,32.15,74.72,56.89,23.02,22.96,99.42,98.15,72.23,24.38,25.83,21.50,21.55,43.39,68.96,33.18,19.37,40.25,39.68,81.89,53.61,93.19,83.91,89.49,89.00,75.94,97.38,76.44,75.69,37.39,37.66,134.80,133.83,24.28,23.56,41.14,42.20,23.24,23.93,12.05,9.21,62.91,39.28,96.28,96.40,102.35,83.41,87.27,75.45,50.31,49.05,92.56,9.49,9.82,18.62,25.94,98.69,98.57,24.20,24.16,148.17,84.37,85.57,82.72,75.64,165.80,49.80,50.29,69.64,69.64,73.56,35.50,35.84,38.49,38.74,32.61,145.58,145.22,68.23,62.93,79.20,95.89,13.97,19.40
70,20,F,A - White ,166.00,86.35,57.20,109.44,92.92,15.21,113.33,47.96,65.40,30.99,46.83,27.23,27.54,51.09,51.32,50.14,49.72,37.56,37.21,25.49,19.77,27.32,51.21,46.81,45.89,19.95,32.47,33.53,109.96,31.13,33.45,18.26,45.19,45.72,145.71,39.75,39.28,112.36,145.91,35.69,77.70,56.71,27.12,28.01,109.38,108.44,91.62,24.68,25.27,27.11,27.73,57.35,74.58,47.31,15.21,53.35,48.65,91.52,65.17,119.95,109.71,116.11,116.06,103.59,97.66,78.26,78.22,44.78,45.51,142.12,142.13,31.18,31.49,57.44,58.65,27.37,27.48,9.32,12.21,89.82,38.03,96.01,95.72,133.66,107.47,114.31,79.12,62.31,62.18,119.40,15.91,15.26,21.10,19.23,98.57,98.77,30.22,29.28,166.77,72.49,71.25,95.99,103.38,167.82,68.21,70.43,72.62,72.62,89.87,43.05,43.99,42.02,41.52,51.28,169.25,169.60,101.43,90.05,104.05,95.45,16.37,18.26
89,20,F,R - Chinese,172.40,59.95,55.50,84.36,98.02,19.44,95.99,39.02,56.54,28.42,44.88,22.84,22.81,46.06,41.40,58.65,58.72,44.94,45.85,17.96,18.48,18.36,38.14,36.56,36.59,23.04,24.79,25.82,91.40,26.08,25.15,11.88,36.40,35.19,144.43,33.38,32.00,95.26,146.86,30.91,78.57,57.62,22.56,22.76,107.32,109.75,69.06,23.34,24.53,22.13,22.49,44.58,75.23,39.42,19.44,38.10,43.92,81.12,57.88,98.38,91.21,92.99,92.98,79.84,101.61,79.89,79.31,36.30,36.68,142.64,142.85,25.40,25.79,42.66,43.42,20.86,20.98,13.14,12.55,68.96,35.69,100.66,100.28,108.97,84.15,92.56,79.75,47.40,46.77,97.48,12.60,12.60,21.82,17.85,103.29,102.85,23.94,23.76,157.49,75.70,75.39,71.41,79.57,171.12,49.96,50.46,73.49,73.49,80.51,33.69,33.05,40.16,39.12,44.88,156.29,156.85,69.18,69.01,81.32,99.54,16.22,15.56
95,20,F,R - Chinese,175.30,49.30,54.80,74.69,99.50,20.51,90.06,37.59,52.38,24.85,41.32,20.35,21.90,37.15,37.87,57.56,56.00,46.39,44.65,19.62,18.67,20.08,37.51,35.19,35.48,23.58,22.53,22.84,82.92,19.52,23.99,11.64,32.67,32.71,143.94,33.25,33.81,86.93,150.89,30.24,78.99,60.16,21.87,21.96,112.04,111.93,61.87,23.95,24.02,21.83,21.52,42.28,76.81,36.09,20.51,38.00,46.45,80.00,69.25,93.34,83.50,92.49,92.19,69.40,102.57,80.40,80.13,34.39,34.06,144.30,144.49,24.59,25.15,40.65,40.69,20.59,21.60,11.57,13.89,61.68,36.33,102.27,102.20,101.89,74.89,92.43,80.93,47.49,48.01,90.88,10.29,11.11,28.28,27.46,104.97,105.11,23.57,25.17,161.97,74.27,73.07,62.21,69.16,173.56,47.22,47.52,73.91,73.91,74.58,30.68,30.01,41.83,42.19,39.61,157.44,159.29,63.70,61.70,70.39,101.40,16.59,16.01
8,21,F,A - White ,154.80,58.45,53.40,90.01,85.54,16.83,90.98,38.99,51.86,25.01,37.72,25.09,25.70,43.53,43.74,53.56,51.03,39.10,38.10,23.89,20.14,25.36,34.80,32.55,32.31,20.82,31.78,29.44,90.77,25.54,25.06,13.44,37.36,37.75,147.32,35.42,34.06,92.87,138.06,36.01,68.71,56.91,25.42,26.16,99.02,99.64,73.36,24.53,24.26,25.19,25.45,49.88,69.53,37.72,16.83,45.34,45.12,85.93,62.35,98.79,87.08,101.06,101.00,86.81,89.54,69.63,69.67,39.26,39.40,129.28,130.54,27.48,27.99,47.46,48.67,25.43,25.72,11.41,10.98,71.98,36.57,88.20,88.12,112.17,90.55,99.38,70.05,55.00,55.65,99.94,11.25,10.56,24.64,13.68,90.46,90.08,26.42,28.68,155.76,68.83,65.53,89.18,86.51,158.61,58.27,58.74,63.63,63.63,76.09,36.84,37.23,35.95,35.54,39.74,154.27,156.82,78.94,71.99,88.17,87.75,16.83,15.93
11,21,F,A - White ,155.00,52.80,54.50,87.30,85.40,16.47,95.78,38.21,57.59,25.28,42.50,21.78,22.11,45.17,56.42,54.21,52.18,40.82,39.66,21.22,19.08,22.39,35.51,33.58,33.63,20.07,29.93,30.48,88.91,23.92,25.21,14.67,34.30,34.61,137.48,33.27,34.56,94.13,132.49,33.87,68.93,52.97,24.77,24.09,96.61,95.88,73.27,21.49,21.86,24.31,23.98,47.81,68.12,36.12,16.47,47.53,28.47,93.11,68.19,98.29,89.61,96.21,96.18,84.35,88.99,69.88,69.61,34.23,33.79,128.13,126.96,26.17,24.72,43.89,43.01,21.42,21.57,11.27,10.80,72.68,38.86,88.19,88.49,106.38,88.91,95.39,70.35,50.43,48.49,94.32,10.01,9.32,25.43,30.22,89.61,89.47,24.15,24.90,148.18,68.52,68.92,72.53,84.11,154.51,55.08,54.65,63.85,63.85,74.58,33.50,32.74,37.83,37.58,42.82,148.64,146.54,75.91,72.75,85.44,87.93,16.28,15.83
23,21,F,A - White ,157.80,51.50,58.00,87.48,85.13,14.89,90.01,42.77,46.97,29.67,37.52,22.43,22.60,41.95,42.91,52.15,53.54,39.10,43.09,23.09,19.64,24.18,35.98,33.29,33.32,18.34,25.53,23.06,85.96,23.40,24.61,12.60,35.80,34.87,134.44,33.50,34.76,89.41,134.90,33.31,70.24,49.14,23.23,22.38,98.45,95.26,70.42,24.77,25.19,22.90,21.89,46.95,67.84,34.10,14.89,42.18,35.40,84.68,61.82,97.78,84.98,96.25,95.39,81.80,88.58,71.36,71.43,38.09,37.36,131.29,129.77,26.46,24.84,43.79,42.99,22.56,22.26,12.90,12.90,69.70,37.95,87.44,87.37,102.34,87.85,93.87,70.97,52.76,50.84,93.46,9.68,9.12,25.83,30.66,89.54,89.79,25.96,24.06,149.00,66.18,70.72,80.67,81.52,160.47,52.41,52.98,65.16,65.16,74.77,35.49,34.64,36.29,36.05,32.91,149.75,146.55,73.21,69.73,82.88,87.08,16.51,15.43
48,21,F,A - White ,162.40,66.05,54.90,93.00,93.11,18.20,96.91,38.54,58.14,25.18,42.15,25.47,25.28,50.42,46.03,53.01,52.53,39.45,39.38,22.58,19.05,23.52,39.59,37.23,36.94,22.12,33.64,31.69,93.78,27.23,22.92,13.95,39.19,39.10,136.79,34.59,33.99,96.37,140.57,32.16,74.90,57.05,28.30,27.90,103.63,104.40,74.26,23.16,23.75,27.22,27.02,53.46,72.38,40.22,18.20,45.34,44.20,84.83,63.53,103.72,92.17,106.64,105.87,88.75,97.02,76.59,76.01,38.01,37.75,135.77,136.30,27.13,27.38,49.73,49.22,24.07,25.29,11.75,11.55,74.16,35.65,95.74,95.57,114.17,93.27,105.28,75.76,52.47,52.07,101.27,12.98,11.95,23.08,19.48,98.22,97.98,25.71,25.32,154.11,70.59,69.62,74.01,88.51,162.87,61.56,61.12,69.82,69.82,79.41,37.38,36.26,40.85,40.34,43.31,151.94,154.81,84.43,74.24,90.95,95.32,17.28,16.65
56,21,F,A - White ,163.60,47.65,54.00,75.89,92.27,18.50,79.06,35.66,43.18,24.24,38.86,24.48,24.11,43.50,38.37,51.53,51.05,40.47,41.74,20.33,18.61,20.97,37.17,35.15,35.32,21.81,25.53,24.96,76.53,19.29,21.73,12.66,34.25,34.59,137.66,31.95,32.17,79.12,140.41,31.99,73.77,53.97,24.22,23.81,104.56,103.63,64.41,24.97,25.17,23.59,24.07,44.24,69.74,38.13,18.71,38.25,43.16,76.68,64.43,83.55,78.18,92.00,90.21,71.26,95.58,74.87,74.47,34.57,34.99,135.20,135.28,22.49,24.09,41.95,42.65,23.62,23.92,11.52,13.78,63.35,38.49,94.76,94.90,96.72,77.75,87.66,73.93,48.06,48.21,89.75,11.06,10.31,26.33,27.53,96.90,96.91,22.26,21.14,149.10,67.76,67.52,64.59,70.99,162.45,50.04,50.81,68.69,68.69,70.15,33.06,32.81,38.22,38.03,35.93,145.06,146.49,64.09,63.37,72.98,94.44,16.89,16.89
58,21,F,A - White ,164.20,47.20,54.80,79.73,91.80,17.04,81.77,39.53,42.24,25.72,33.76,22.45,22.37,38.69,39.16,53.28,53.22,41.50,42.74,22.13,19.62,23.59,36.95,34.62,34.96,20.19,24.11,23.73,76.53,21.90,20.60,12.48,33.83,34.27,131.07,31.54,31.28,80.27,139.52,32.92,74.76,51.73,22.46,22.32,103.87,102.65,63.01,24.92,24.24,22.33,22.25,44.76,67.08,37.45,17.04,38.21,45.12,75.85,66.66,87.03,80.85,90.69,88.80,74.99,94.95,76.26,75.79,34.85,34.99,135.51,135.53,23.65,23.41,40.94,42.07,20.71,21.75,13.20,13.01,63.20,37.71,93.94,93.97,98.15,79.88,87.49,74.92,50.83,50.39,92.24,11.60,10.66,23.88,27.56,96.74,96.52,20.57,22.35,146.75,68.88,68.88,78.37,74.59,160.88,47.73,48.60,69.68,69.68,67.26,32.14,32.13,39.46,38.67,32.48,143.94,144.14,66.45,63.32,76.70,93.57,16.05,15.79
60,21,F,A - White ,164.50,67.20,55.00,94.73,91.13,16.89,98.39,39.89,58.14,25.36,50.07,26.44,26.30,46.51,42.41,56.00,54.52,41.64,41.93,19.84,19.24,20.88,35.67,32.69,32.73,20.94,30.80,29.21,97.57,26.05,26.00,10.36,39.84,39.15,144.67,32.89,32.48,100.69,142.86,33.55,74.24,52.36,26.36,26.18,108.94,109.26,81.81,22.39,23.22,26.89,25.79,51.99,74.96,36.37,16.89,46.64,38.49,87.49,58.42,106.67,92.90,106.49,106.44,91.13,95.17,75.15,74.88,39.33,38.76,140.05,140.16,25.74,26.19,47.94,47.62,25.83,26.61,12.15,9.45,79.42,36.45,93.97,93.93,114.46,93.64,104.79,75.71,49.48,49.67,99.80,10.93,10.71,15.76,16.74,95.94,95.82,24.01,22.26,160.59,70.84,69.68,83.64,90.83,170.20,59.06,58.10,69.16,69.16,83.07,38.38,37.66,40.06,40.26,42.04,160.21,160.64,82.26,79.53,91.51,93.36,17.11,17.01
72,21,F,A - White ,166.10,58.55,53.00,81.33,96.11,20.61,90.85,38.95,51.69,26.61,43.36,24.02,25.23,41.61,40.85,51.12,52.98,39.87,41.83,21.83,19.47,22.82,41.23,37.19,37.15,23.88,27.13,25.69,87.34,26.38,23.98,13.88,38.25,37.83,144.77,32.72,32.45,89.83,144.22,30.87,75.50,59.02,23.30,23.43,109.39,106.76,68.75,24.94,24.72,22.87,23.15,51.89,71.38,38.55,20.61,39.86,44.75,79.82,62.68,96.77,86.54,106.44,104.13,75.76,99.38,76.60,76.27,38.33,37.78,140.20,139.56,25.70,23.65,49.28,49.69,24.22,25.48,11.12,11.12,66.89,35.38,99.07,98.80,107.58,82.99,105.37,75.66,51.78,50.15,96.43,13.01,10.80,22.19,24.43,101.08,100.88,24.25,23.02,155.33,68.41,70.30,80.18,75.51,166.82,59.54,59.41,70.42,70.42,75.39,37.25,36.07,40.93,41.01,39.88,154.28,154.18,74.04,66.97,77.89,97.96,15.98,16.52
90,21,F,A - White ,172.60,77.75,57.20,103.64,93.08,13.14,100.44,47.08,53.38,29.70,44.57,28.33,28.26,49.60,49.86,59.00,58.56,44.81,44.77,27.63,19.22,28.93,43.68,41.37,41.18,17.56,31.89,33.08,96.44,27.42,26.76,15.26,39.77,39.78,147.97,37.84,39.11,100.66,149.31,35.03,79.94,49.37,26.61,26.81,111.97,108.49,83.00,23.61,24.54,26.53,26.62,51.42,73.79,46.37,13.14,50.79,54.54,100.85,68.55,108.48,99.94,110.15,109.94,103.06,97.50,80.51,80.36,39.45,39.90,145.82,144.88,30.13,29.62,51.03,51.44,26.35,26.57,10.81,10.76,82.52,38.87,95.40,95.87,123.09,104.35,109.36,81.09,61.32,59.89,113.93,13.72,13.57,22.45,27.94,98.03,97.84,28.56,27.98,164.60,77.56,79.60,102.73,102.72,174.94,64.17,65.49,74.86,74.86,83.55,38.02,37.85,42.30,41.94,41.52,164.97,163.27,93.64,82.60,101.90,95.53,17.09,17.16
93,21,F,A - White ,174.10,64.85,55.50,89.48,94.49,17.53,92.64,41.60,51.06,28.18,44.56,24.63,25.12,41.47,42.32,54.64,54.99,41.97,42.54,22.38,18.95,23.09,42.21,39.34,39.24,21.14,25.90,27.10,88.12,22.24,24.02,11.30,39.10,39.01,148.65,35.47,36.08,91.45,150.41,32.20,76.96,54.40,23.29,23.59,113.28,111.62,75.39,25.14,25.78,23.09,23.28,50.46,75.98,41.63,17.53,45.58,50.27,83.08,66.11,99.28,90.61,102.87,102.43,87.28,98.10,78.45,78.29,38.65,38.57,145.09,145.05,27.04,27.64,48.54,49.18,23.99,24.81,14.10,13.99,72.25,38.93,97.07,97.29,112.09,91.31,99.77,77.78,55.02,53.36,102.33,13.37,12.58,22.93,22.00,98.99,98.78,26.52,24.84,165.45,72.29,74.15,86.75,86.92,173.00,56.54,56.94,71.88,71.88,81.77,36.61,35.72,42.26,42.14,40.91,161.69,163.68,74.54,72.29,88.48,96.91,16.82,17.28
98,21,F,A - White ,176.80,58.65,55.10,85.99,101.15,18.31,83.53,35.39,47.98,27.22,42.85,25.32,25.46,45.26,44.45,58.49,61.08,46.96,48.90,22.62,18.60,23.21,44.23,41.88,42.03,21.77,27.18,26.75,81.91,21.25,24.23,13.21,37.21,37.08,144.59,35.02,34.88,83.77,154.15,31.81,82.84,56.82,24.12,24.90,111.39,109.58,68.73,24.49,26.28,23.56,23.48,50.12,73.73,42.09,18.31,39.13,47.90,86.13,66.69,87.50,82.31,101.80,100.45,80.02,104.61,84.13,83.91,37.72,36.24,148.38,147.68,24.89,24.61,45.39,45.00,24.80,24.33,12.50,12.50,66.16,37.62,103.44,103.76,105.53,85.21,98.86,83.00,54.62,52.29,99.65,15.06,12.50,26.56,28.67,107.35,106.16,25.16,24.99,162.06,78.15,80.09,66.87,79.56,175.97,54.82,56.37,77.76,77.76,72.26,35.59,34.48,42.65,43.51,41.59,157.02,158.78,70.42,66.18,80.93,103.04,17.20,18.32
9,21,F,R - Chinese,154.80,47.75,53.80,77.32,83.27,17.83,88.03,37.62,50.40,25.44,40.43,24.93,24.95,41.38,40.77,48.80,48.16,37.37,36.57,18.80,18.19,19.32,35.59,34.16,34.45,22.42,27.86,26.53,82.21,20.82,22.54,10.78,36.10,36.51,145.14,30.57,33.34,85.81,131.91,31.00,65.44,57.67,23.22,23.12,100.55,98.98,70.81,21.00,22.68,23.01,22.77,44.27,71.47,36.12,19.42,35.59,43.46,88.98,58.82,89.61,85.81,91.43,90.20,69.31,87.86,65.72,65.76,35.79,36.11,126.94,126.26,23.99,23.73,44.14,45.42,24.29,24.91,10.81,10.71,63.83,34.03,86.78,86.88,102.25,76.92,89.36,66.02,45.87,43.41,93.48,11.61,9.09,20.19,21.03,89.99,89.35,22.59,23.30,150.86,63.34,64.80,68.84,69.12,155.08,51.93,52.84,60.36,60.36,78.36,34.08,34.42,35.33,34.80,39.90,149.69,150.63,63.69,63.85,71.57,86.47,16.00,15.76
13,21,F,R - Chinese,155.40,49.35,55.00,113.16,85.81,17.60,88.32,38.97,48.78,22.28,34.38,22.94,22.53,38.38,38.16,52.62,24.81,39.28,13.99,23.62,19.46,26.54,24.49,23.25,7.05,20.50,26.89,26.60,94.65,23.86,28.08,12.54,34.85,34.52,145.10,42.95,93.87,95.38,132.71,31.06,68.21,52.12,23.15,29.64,102.46,112.98,94.92,23.36,24.91,23.05,28.05,63.45,66.41,30.91,17.60,57.78,47.51,139.04,58.32,98.81,85.73,133.69,131.31,109.51,88.71,70.00,69.40,36.90,37.61,129.29,129.48,26.11,23.99,43.41,42.05,21.30,22.30,11.29,11.04,93.05,74.54,87.61,91.71,103.13,116.82,132.39,70.17,53.02,50.46,92.49,10.00,4.17,14.78,20.38,89.98,88.71,25.30,21.63,150.55,62.36,40.60,95.52,108.82,156.74,51.17,50.11,63.13,63.13,93.07,34.35,34.00,35.49,34.63,34.66,149.79,150.33,101.97,93.17,111.55,87.62,16.26,20.31
29,21,F,R - Chinese,158.80,55.45,57.10,86.62,84.98,17.64,89.00,41.12,47.84,27.45,37.51,24.89,25.12,40.95,40.59,54.36,54.99,40.08,42.08,21.04,18.69,21.86,36.36,33.79,34.13,21.15,28.90,26.44,85.09,22.84,22.07,11.91,36.16,36.73,142.60,32.13,33.46,87.16,132.81,31.56,67.35,53.64,24.26,23.21,97.46,96.37,71.12,22.94,23.02,24.00,23.35,48.70,69.93,33.09,17.64,43.46,45.12,84.08,67.63,93.41,83.89,98.49,98.32,80.95,88.50,68.72,68.64,37.59,37.00,129.26,128.09,24.96,23.25,44.20,43.84,23.50,23.67,11.24,11.03,70.68,35.50,87.58,87.45,103.28,86.55,96.71,68.70,49.49,46.86,95.89,10.61,9.33,24.83,27.06,89.74,89.71,24.42,23.79,150.09,68.49,70.59,69.79,80.65,159.74,53.05,53.78,62.27,62.27,74.58,35.06,34.20,35.49,35.82,33.10,150.22,148.34,74.89,70.71,82.06,87.04,16.81,16.06
37,21,F,R - Chinese,160.10,49.90,54.50,79.52,89.53,18.14,81.92,36.16,45.51,23.90,38.53,22.90,22.86,38.03,38.90,52.34,51.04,39.85,39.05,20.12,18.97,21.10,32.69,31.32,31.44,22.63,25.85,25.75,79.15,20.74,20.74,10.39,36.34,37.48,137.96,30.74,32.29,80.84,136.42,32.87,71.39,56.25,23.87,23.20,105.26,103.83,67.81,22.12,23.58,23.33,23.11,46.02,69.95,35.96,19.41,40.47,43.32,74.45,58.10,86.58,79.96,94.16,93.51,74.05,94.02,72.48,72.05,35.29,35.08,133.68,133.23,24.51,24.46,42.07,41.69,22.45,22.56,11.43,11.36,66.80,37.49,93.25,93.47,98.45,80.68,90.72,72.26,47.81,47.46,88.58,10.27,10.02,17.03,24.15,94.66,94.86,21.22,21.61,150.80,65.17,66.64,77.64,73.81,159.68,50.96,50.88,66.31,66.31,73.94,35.28,35.06,41.53,41.72,35.19,149.30,148.57,68.63,66.89,75.74,92.78,16.22,15.25
53,21,F,R - Chinese,163.00,74.40,56.20,106.59,87.27,14.76,102.18,47.80,54.40,29.96,40.02,28.02,27.52,54.85,50.88,54.36,53.24,39.43,39.22,25.15,18.81,26.65,39.58,36.58,37.61,23.03,36.41,36.15,100.41,24.98,25.95,17.58,39.15,39.96,146.75,38.84,41.99,101.47,141.64,46.99,72.51,63.74,30.44,28.76,104.22,104.76,83.26,22.46,23.07,27.91,27.94,55.70,72.09,37.06,18.50,49.00,46.32,120.69,58.21,108.54,98.27,111.30,111.20,92.30,95.54,72.63,73.23,40.95,40.91,136.18,135.52,28.44,28.11,52.62,53.93,26.53,25.65,10.10,10.14,83.38,49.17,94.33,94.40,118.80,100.24,108.75,73.83,58.32,55.37,107.99,10.70,6.97,26.61,21.78,96.78,96.85,28.45,28.75,163.42,70.84,69.98,89.68,92.05,165.66,64.23,66.43,67.43,67.43,87.38,38.30,39.12,37.36,38.09,37.12,164.09,163.96,89.73,83.39,94.77,93.86,19.72,19.19
57,21,F,R - Chinese,163.70,57.80,56.40,77.76,92.34,20.18,95.25,37.69,57.30,25.58,48.63,24.39,24.52,41.00,44.54,54.03,51.50,40.32,38.97,19.35,18.03,19.57,36.88,35.95,35.01,23.56,27.37,28.66,88.72,22.44,24.24,11.61,39.36,40.04,147.30,33.63,35.11,93.72,141.41,31.85,72.16,60.09,24.00,24.94,107.28,105.31,70.10,22.63,23.75,24.17,24.13,48.71,75.59,40.84,20.18,39.03,43.90,83.24,60.31,96.93,90.59,97.42,96.72,73.31,95.72,73.20,73.05,39.63,38.70,135.20,134.92,27.15,26.61,49.96,49.93,23.72,24.24,11.32,11.16,66.66,35.15,95.10,95.11,107.45,80.87,93.43,72.91,47.80,47.53,97.28,11.73,11.78,17.46,18.93,96.64,96.71,24.84,24.73,158.10,68.98,69.32,69.59,73.10,162.60,56.12,57.12,67.08,67.08,80.23,37.44,37.12,38.76,39.53,45.42,157.06,157.04,67.17,66.71,74.98,94.52,17.16,17.65
59,21,F,R - Chinese,164.40,53.25,55.90,86.40,91.90,18.45,86.26,22.02,63.82,22.41,46.62,23.57,23.52,51.58,43.93,52.68,49.27,38.05,37.21,21.08,18.25,21.79,41.43,36.72,36.82,22.39,29.88,25.89,84.46,21.20,24.04,13.65,35.70,36.04,147.37,33.89,34.40,87.01,143.44,33.88,73.45,57.30,23.57,23.52,108.42,107.70,69.94,21.15,22.01,23.07,23.52,46.04,72.55,34.99,18.45,42.45,45.34,84.84,57.11,88.88,82.17,96.16,96.03,80.68,95.84,73.84,74.34,36.37,35.59,136.42,135.71,23.19,24.51,45.91,45.84,23.25,22.90,11.70,11.85,69.01,39.01,94.73,94.56,106.09,85.73,94.86,74.46,47.99,48.50,98.86,9.14,10.62,18.43,28.10,97.15,96.85,23.43,24.27,157.01,67.61,67.26,68.69,80.35,165.97,53.89,54.40,68.37,68.37,74.71,34.11,34.07,38.44,39.22,63.39,154.33,154.53,73.13,69.03,82.84,94.04,15.32,15.64
71,21,F,R - Chinese,166.00,50.65,56.50,86.32,89.27,15.57,80.70,27.11,53.62,22.60,43.10,25.76,26.17,44.53,43.71,52.09,52.40,37.68,34.87,20.30,19.07,21.45,35.19,31.62,31.12,21.28,27.02,28.11,80.97,21.34,24.37,13.63,35.09,35.57,157.20,30.47,32.47,84.13,143.88,33.87,73.70,54.84,22.64,25.84,110.66,111.50,69.48,24.37,24.74,23.56,25.26,43.55,72.48,33.01,18.03,35.99,48.59,85.56,64.44,84.56,78.97,92.09,92.05,76.02,94.98,73.81,73.90,37.58,36.95,139.17,139.04,22.12,22.39,44.25,45.16,25.08,25.77,12.05,11.88,66.62,37.99,93.74,93.87,100.25,85.54,90.99,75.06,46.66,46.20,91.77,8.69,8.30,20.69,26.48,95.62,95.66,23.03,22.67,158.47,67.27,66.24,66.48,75.71,167.79,50.99,52.46,68.62,68.62,73.18,34.67,34.44,39.77,39.57,49.54,156.94,157.47,66.52,66.63,78.28,93.44,16.23,15.93
76,21,F,R - Chinese,167.20,47.70,56.50,81.58,96.55,17.59,83.97,32.66,51.01,22.56,39.10,23.99,24.09,45.33,34.37,57.22,56.33,45.57,45.47,22.07,18.81,22.93,35.56,33.47,33.81,20.82,23.38,21.93,77.42,16.97,22.90,12.91,33.60,33.63,134.93,32.14,34.13,82.88,142.67,29.72,78.96,52.59,22.19,20.99,105.22,105.51,68.16,22.77,23.24,22.05,21.26,42.08,66.76,36.12,17.59,38.79,42.86,77.38,58.48,91.48,81.03,89.80,89.30,76.42,99.78,79.48,79.90,34.32,33.06,137.98,138.23,24.87,25.66,40.78,41.74,22.67,22.74,11.92,11.63,67.83,33.55,98.65,98.58,102.30,81.15,88.81,,51.67,51.55,93.36,11.34,11.17,25.17,26.95,,,25.49,25.79,146.21,71.43,72.51,67.73,76.12,166.25,47.56,49.82,73.88,73.88,71.86,31.41,30.55,40.39,40.46,42.42,143.89,143.09,71.17,67.88,77.59,98.26,15.15,13.98
79,21,F,R - Chinese,168.00,60.05,56.20,91.41,88.89,14.20,86.79,40.69,46.12,28.07,40.49,23.31,23.09,43.59,43.66,52.01,52.53,40.99,41.80,22.19,17.66,23.33,44.56,40.21,44.19,21.47,26.33,25.50,89.16,24.77,20.36,11.90,37.78,37.32,138.70,48.80,43.82,90.04,144.86,59.69,74.68,57.75,23.70,24.17,108.66,108.57,75.58,21.67,22.41,23.41,23.84,46.03,74.68,44.88,17.85,42.00,25.96,108.11,57.63,98.04,86.00,97.15,96.95,84.88,96.16,75.00,75.37,38.96,36.55,141.60,141.50,29.16,29.11,46.95,45.80,23.49,23.31,13.00,13.00,75.02,61.96,94.92,94.92,110.00,90.40,96.12,76.06,60.46,60.11,99.22,15.05,14.41,24.45,23.11,96.57,96.62,27.80,25.69,165.43,72.94,72.03,79.99,84.49,167.14,52.44,53.52,69.60,69.60,77.77,35.55,34.19,39.00,40.59,36.54,164.18,162.92,81.84,75.12,85.59,94.47,15.88,16.75
81,21,F,R - Chinese,168.20,50.40,55.50,83.40,93.51,17.76,85.39,39.90,45.23,26.18,38.74,22.06,22.50,38.01,36.81,56.96,59.85,44.55,46.10,22.81,19.71,23.92,33.86,32.11,32.47,21.09,23.56,21.79,82.28,21.84,20.87,12.87,33.99,34.82,142.05,31.24,33.09,84.43,142.23,32.04,75.76,53.29,23.31,20.78,106.46,106.50,67.36,20.88,21.11,21.97,21.05,44.23,70.22,35.50,17.76,40.70,48.22,81.02,58.03,91.66,84.52,92.41,91.59,79.73,96.84,76.55,77.10,37.75,36.72,139.86,140.25,24.42,24.45,42.68,42.44,21.10,21.36,11.87,11.91,67.48,36.32,95.44,95.61,101.27,85.58,90.28,,50.65,50.49,95.85,11.80,8.86,24.82,28.46,,,24.49,24.39,154.96,72.60,75.20,79.20,79.28,169.05,50.35,49.77,70.68,70.68,76.99,32.96,34.02,37.19,37.40,35.67,152.51,153.21,71.18,67.49,81.68,95.35,16.17,16.05
20,22,F,A - White ,157.10,51.50,55.30,85.63,87.38,16.69,87.76,37.62,50.02,25.13,40.41,22.84,23.37,38.20,40.81,52.65,51.03,40.22,40.33,21.33,19.03,22.18,38.84,35.60,36.01,20.31,26.11,27.42,82.77,24.79,24.61,14.07,36.23,35.98,138.22,33.68,31.11,86.62,135.85,31.46,70.69,53.59,24.20,24.05,100.21,101.27,66.33,24.26,25.74,23.22,23.46,45.21,66.09,37.87,16.69,43.13,43.41,79.91,61.10,93.62,83.44,92.92,92.76,78.97,91.00,71.55,71.78,34.56,35.79,129.26,129.69,23.55,24.07,44.18,44.60,23.10,23.31,11.32,13.49,65.74,34.79,89.73,90.06,104.53,82.71,91.59,71.35,48.91,49.87,94.94,10.31,12.26,28.82,25.57,92.78,92.69,24.09,24.55,148.15,69.98,67.62,75.04,78.61,156.70,53.47,54.17,65.61,65.61,70.54,33.37,33.22,38.65,37.58,39.27,144.20,146.82,69.72,65.81,80.17,89.77,15.80,15.42
82,22,F,A - White ,168.30,64.40,55.80,90.67,97.23,17.96,93.26,42.86,50.15,30.57,42.12,25.77,25.37,47.39,47.18,54.15,56.02,43.23,45.26,22.22,19.12,23.42,42.97,40.56,40.75,21.61,29.93,29.55,88.63,22.86,22.88,13.20,38.08,38.06,138.83,33.87,33.82,91.87,144.53,32.73,79.27,54.53,27.10,26.55,108.00,105.97,74.12,23.55,22.83,26.39,26.63,50.07,69.23,40.72,17.96,44.95,45.32,83.83,61.41,95.99,92.37,100.75,99.68,87.88,100.87,80.26,79.85,36.90,37.89,142.23,140.71,26.03,24.41,47.84,48.56,24.19,24.37,11.98,11.77,71.25,36.72,99.39,99.36,109.22,91.20,96.92,79.83,52.51,50.19,99.12,14.29,11.60,22.94,23.56,101.59,101.57,23.90,24.06,152.43,73.74,75.47,88.51,87.57,167.95,57.92,58.32,74.19,74.19,80.35,35.13,34.65,42.55,42.01,40.10,151.93,150.99,77.06,71.29,88.68,99.22,17.76,16.56
88,22,F,A - White ,171.50,64.70,55.40,89.38,93.07,15.80,92.93,39.86,53.08,26.31,42.80,26.25,26.31,43.08,48.25,61.33,57.38,45.70,44.27,21.23,19.59,22.36,37.66,35.98,36.05,19.48,30.33,27.31,86.81,20.46,22.86,9.98,38.27,38.21,144.63,33.50,32.92,88.95,146.22,32.84,77.28,51.00,25.73,25.15,110.48,106.43,74.19,23.90,23.80,25.48,24.80,49.15,71.18,40.72,15.80,42.42,49.53,75.58,57.53,94.94,92.50,100.32,99.73,84.05,96.76,78.14,77.93,38.12,38.76,143.60,141.91,26.95,24.86,49.60,50.59,24.50,25.20,15.03,12.00,74.11,38.44,95.67,95.22,112.87,89.56,99.20,78.05,52.53,49.38,104.15,12.14,11.98,14.09,20.40,97.82,98.13,24.17,23.52,158.26,76.32,75.79,82.09,83.72,170.48,57.61,57.74,72.20,72.20,82.27,35.89,35.58,41.34,40.80,44.19,159.70,156.41,76.14,74.22,85.83,94.92,19.30,17.54
100,22,F,A - White ,179.60,59.30,53.40,88.77,105.72,20.85,83.64,41.94,41.46,30.26,32.75,25.65,25.54,43.65,47.90,58.09,59.19,47.93,48.98,25.12,19.93,27.11,46.57,42.98,42.75,24.30,26.08,25.97,77.63,20.72,21.41,15.47,35.51,35.78,147.88,33.75,34.81,81.26,156.94,33.85,84.87,62.10,23.22,23.76,116.53,115.95,70.87,23.22,23.70,23.01,23.81,47.54,73.15,43.58,20.85,44.68,48.44,78.21,54.53,91.24,87.90,101.64,101.65,85.43,109.17,85.22,85.06,35.20,35.46,152.67,152.22,25.20,25.37,43.38,44.29,23.95,24.18,16.08,15.99,68.16,41.10,108.33,107.85,109.30,91.82,100.09,86.41,56.32,56.21,103.32,13.88,12.81,21.48,24.29,109.68,109.93,23.55,22.89,163.35,78.96,79.63,86.42,85.11,180.76,53.92,55.70,79.79,79.79,72.21,33.79,33.23,45.29,44.63,36.23,162.55,161.58,79.18,68.25,87.06,107.55,16.59,17.03
1,22,F,R - Chinese,150.30,42.00,53.80,76.84,80.40,16.20,82.55,40.28,41.85,28.30,33.56,21.56,21.78,40.12,38.92,51.00,50.08,39.84,39.93,21.17,18.91,22.26,38.41,35.15,35.13,19.78,22.80,22.74,78.68,21.21,21.17,12.02,32.62,33.86,132.90,49.36,47.80,81.60,127.62,32.76,64.20,48.69,22.15,21.07,92.70,92.37,63.84,22.33,22.74,21.02,20.76,43.88,67.53,34.46,16.77,36.51,44.41,96.28,56.32,89.31,81.73,88.72,88.45,70.58,83.99,65.42,64.86,32.53,32.61,123.67,123.17,24.00,23.61,39.08,39.27,20.59,21.04,10.56,10.50,63.85,53.09,83.09,83.03,99.34,78.79,87.24,65.35,49.63,49.09,93.19,10.81,10.30,22.16,26.98,85.05,84.79,23.14,22.40,143.95,66.20,67.23,71.36,70.29,149.51,47.12,46.53,59.12,59.12,71.00,31.37,31.55,35.44,35.28,31.87,141.03,142.01,66.66,63.87,72.59,82.65,15.22,13.99
10,22,F,R - Chinese,154.90,44.60,53.00,77.92,83.40,16.36,83.98,41.65,42.09,28.87,35.74,19.19,19.42,35.98,39.51,51.23,50.98,39.51,41.07,22.03,19.07,23.18,37.65,33.78,33.54,19.58,22.76,21.70,79.29,20.85,19.84,11.34,32.55,32.92,133.47,48.85,45.31,82.79,130.98,38.35,67.04,48.46,21.87,21.94,97.03,96.08,66.63,22.92,23.49,22.33,22.11,46.69,66.72,31.92,16.36,37.23,45.05,95.16,57.51,88.85,82.34,91.42,89.05,74.31,86.62,68.85,68.48,34.10,34.80,126.42,126.11,23.97,22.66,43.49,42.15,19.15,19.30,12.46,12.26,66.55,52.00,85.55,85.66,99.61,81.86,86.51,67.20,49.33,49.10,92.85,9.55,9.46,30.60,32.52,86.89,87.01,22.77,23.70,144.09,66.41,67.15,72.22,74.02,155.01,51.02,49.77,61.96,61.96,68.97,32.14,32.17,35.32,35.50,31.89,142.71,142.28,68.99,66.57,75.72,85.29,15.35,15.06
14,22,F,R - Chinese,155.40,51.20,58.30,86.54,85.13,16.53,93.64,40.47,53.13,27.13,43.55,21.35,22.27,40.70,39.40,50.38,51.44,38.24,39.46,18.21,19.02,19.09,34.64,33.09,33.10,21.11,25.93,26.57,87.54,22.18,21.97,11.44,35.51,35.98,135.86,32.10,32.55,90.82,132.74,33.41,68.60,53.55,23.74,24.08,99.62,98.37,75.33,23.13,23.63,23.87,24.14,45.19,68.99,36.46,17.67,44.13,29.14,76.92,63.59,95.64,88.66,94.26,93.34,83.98,89.71,69.94,70.01,36.39,35.13,128.25,127.39,24.98,24.99,43.00,42.63,20.14,21.44,11.04,10.93,74.52,36.48,88.74,88.46,105.46,87.28,91.82,69.16,47.55,46.31,94.05,11.53,9.63,18.44,23.69,90.24,90.37,23.07,23.81,146.48,65.92,66.76,80.32,83.63,155.09,50.66,51.03,63.52,63.52,79.75,34.74,34.23,35.89,37.01,39.93,147.26,144.90,79.72,74.63,85.19,88.19,16.39,16.06
19,22,F,R - Chinese,157.00,50.00,56.00,89.07,79.56,10.20,85.80,38.77,46.80,26.43,41.23,26.53,25.91,38.83,41.35,49.74,52.61,39.26,41.28,20.66,17.61,21.27,35.02,32.61,32.69,21.34,26.70,25.31,85.25,22.86,23.03,12.30,36.33,37.58,133.13,41.52,42.46,87.61,134.77,38.33,69.37,55.09,24.21,22.46,101.71,98.56,68.47,20.63,20.95,24.21,23.18,41.24,69.29,35.14,18.12,38.64,41.80,90.45,58.02,93.01,83.45,91.36,91.36,75.31,90.70,69.63,69.56,36.52,37.18,130.59,130.02,26.44,25.43,45.72,45.39,25.03,24.73,9.53,9.53,67.47,45.42,89.61,89.89,101.95,83.68,90.84,71.00,53.00,51.67,92.92,10.93,9.83,22.05,26.29,91.55,91.40,24.34,25.16,151.38,64.28,68.51,76.70,75.05,158.65,52.03,51.57,64.29,64.29,76.73,34.31,34.24,37.93,37.65,35.70,150.00,150.34,70.10,67.49,76.85,89.51,16.30,16.58
21,22,F,R - Chinese,157.30,54.15,54.50,91.42,85.62,14.77,91.16,42.85,48.30,28.37,40.01,25.67,25.73,39.76,41.67,51.97,51.38,39.48,40.52,24.14,19.06,25.40,40.96,36.60,36.62,18.54,27.36,26.22,90.90,24.76,26.28,14.00,37.28,37.21,133.64,35.93,37.14,92.47,133.95,31.76,70.85,48.11,24.59,23.74,97.72,97.72,70.62,23.29,23.31,23.77,23.84,45.81,67.48,33.46,14.77,45.04,31.20,86.37,57.53,100.97,87.95,96.44,95.89,87.01,89.39,71.95,71.68,36.33,36.75,128.67,127.32,27.12,25.09,46.25,46.28,23.91,24.39,13.54,11.07,70.51,38.39,87.83,87.89,104.68,92.76,95.43,71.36,55.41,53.32,97.41,10.10,9.04,30.07,24.93,89.73,89.84,27.54,24.37,145.44,67.02,69.90,88.82,86.65,157.58,55.83,55.98,65.77,65.77,76.26,34.76,34.70,38.83,37.69,35.54,144.64,143.97,78.11,70.52,89.18,87.70,16.53,15.63
22,22,F,R - Chinese,157.40,44.90,56.20,83.48,82.13,15.43,77.87,34.74,43.13,22.58,37.15,21.79,22.34,36.11,35.02,48.81,51.00,38.74,39.12,24.19,19.00,25.63,31.81,30.60,30.43,18.82,23.63,23.09,76.17,22.07,21.37,14.22,33.70,34.45,136.30,34.06,34.43,79.05,133.50,31.91,66.70,48.28,22.01,21.43,99.22,100.07,63.62,21.74,21.91,21.75,21.71,47.00,69.69,35.93,15.43,40.54,47.46,81.56,62.22,90.09,77.49,92.97,92.78,78.74,85.51,68.13,67.66,35.20,34.11,128.57,129.21,26.85,27.59,40.97,40.07,21.66,21.21,10.87,10.73,63.47,35.92,84.27,84.35,96.14,85.50,90.23,67.68,54.87,55.00,89.21,10.89,9.67,22.26,22.91,86.16,86.04,25.91,27.60,150.32,64.09,65.17,67.19,78.34,154.09,49.84,49.26,61.62,61.62,67.29,32.43,31.98,35.88,36.13,34.30,147.92,149.01,70.21,63.56,80.55,84.07,14.86,15.33
26,22,F,R - Chinese,158.10,44.60,55.00,82.05,85.72,16.62,78.51,35.42,42.94,22.54,36.59,21.49,21.79,34.31,34.74,52.21,52.08,40.86,41.98,20.74,18.60,21.47,32.84,31.27,31.27,19.87,22.97,21.69,75.35,19.73,18.99,11.43,33.70,34.49,136.91,30.74,31.82,78.72,131.95,28.95,69.11,48.97,20.70,20.69,102.21,99.55,63.27,22.68,22.32,21.18,21.22,44.78,68.47,34.25,16.62,41.40,44.60,76.16,72.50,86.64,77.79,90.39,89.48,75.65,88.98,70.92,70.22,34.28,34.07,130.67,129.79,24.89,24.04,41.01,40.96,20.07,20.99,11.25,11.21,62.91,32.89,87.89,88.15,97.90,83.73,88.18,69.52,49.42,48.15,88.86,11.14,10.35,20.47,25.97,89.91,89.73,23.80,22.50,146.43,65.52,68.00,81.20,75.24,158.00,48.21,49.78,64.03,64.03,66.24,33.24,33.28,36.17,37.03,34.55,145.05,144.18,65.68,62.95,78.30,87.75,14.78,14.91
39,22,F,R - Chinese,160.30,50.60,56.40,85.12,85.42,17.53,82.87,37.14,45.74,24.15,42.32,24.76,27.73,39.70,37.97,52.82,51.70,39.41,40.59,22.77,18.53,23.46,33.60,31.85,32.06,23.97,26.23,24.31,82.22,23.22,23.54,12.61,37.90,37.47,140.64,33.62,39.57,83.67,135.34,36.42,67.89,57.88,23.94,22.45,101.51,101.55,68.90,23.42,24.04,22.89,22.48,47.64,72.12,35.00,20.74,40.77,43.06,90.93,60.11,93.30,80.90,95.18,93.91,76.57,91.86,69.84,69.03,35.91,36.09,130.97,131.88,27.22,27.35,43.45,42.49,24.99,26.80,8.77,13.26,68.69,41.33,91.19,90.86,103.34,82.91,89.86,68.05,52.71,53.58,92.66,10.48,9.82,20.20,20.70,92.91,92.66,24.76,26.32,153.37,66.34,67.25,68.83,76.33,157.82,51.27,51.37,62.81,62.81,73.82,35.41,35.07,37.79,37.13,34.80,150.18,152.22,72.98,68.91,78.49,90.47,16.63,16.27
41,22,F,R - Chinese,161.00,49.45,55.30,82.66,87.11,16.59,88.05,37.44,50.38,25.13,39.53,21.63,22.60,37.79,39.90,53.01,50.83,41.27,39.80,21.89,18.48,22.50,37.06,36.08,36.63,19.96,25.97,23.80,81.82,23.19,24.04,12.92,33.43,34.14,141.12,35.03,34.39,85.64,136.88,31.59,70.52,50.05,22.52,22.89,101.20,99.76,68.37,23.07,21.72,22.50,22.82,42.48,71.31,37.32,16.59,42.95,45.29,83.42,56.82,94.35,85.10,89.60,89.54,80.38,90.48,71.78,71.64,34.81,36.53,130.69,130.77,25.17,26.43,42.00,42.02,21.51,22.79,12.99,10.67,68.30,35.26,89.38,89.80,103.59,85.18,89.26,71.56,50.91,50.97,94.91,11.50,11.58,22.91,26.47,90.99,90.85,25.57,26.99,150.20,70.14,67.82,68.17,80.08,160.14,49.04,49.51,65.44,65.44,72.89,32.96,33.57,38.00,37.06,39.55,145.28,148.44,73.13,68.33,81.10,89.41,16.60,15.82
49,22,F,R - Chinese,162.50,63.85,56.00,95.55,87.41,16.17,97.50,44.70,52.77,29.45,41.62,23.94,23.79,44.17,43.13,54.70,53.71,40.60,41.53,22.60,19.04,23.76,38.44,36.07,36.12,22.25,29.95,28.75,93.06,23.38,24.08,11.50,39.87,38.79,145.47,34.52,34.38,95.59,137.98,35.73,71.24,57.85,25.44,24.64,103.20,103.18,79.30,21.84,20.87,25.40,25.37,44.90,72.69,38.00,18.40,45.28,46.43,84.35,66.37,100.03,93.78,99.50,99.43,86.51,93.49,71.71,71.38,38.17,38.68,135.42,135.07,26.76,26.95,48.17,47.99,23.52,23.51,11.31,11.23,78.54,39.27,91.86,92.26,112.15,92.67,99.31,73.92,53.41,51.89,101.98,10.84,11.57,24.49,21.68,94.52,94.27,24.64,23.32,158.53,69.95,71.04,80.31,86.27,161.68,56.63,56.70,66.16,66.16,82.49,36.22,35.57,37.52,37.53,37.79,158.07,157.06,79.80,78.55,88.67,91.92,18.00,17.40
63,22,F,R - Chinese,164.60,64.90,54.10,94.01,94.56,18.02,99.34,45.06,54.06,30.24,45.30,24.97,24.16,45.27,46.17,53.63,54.64,41.62,41.82,23.95,18.60,24.71,41.84,38.95,39.13,22.11,30.40,29.05,94.64,24.87,26.10,14.92,37.53,37.95,141.44,36.85,37.28,99.96,144.24,33.37,76.54,57.95,24.99,25.41,107.83,105.23,81.35,20.86,21.39,24.52,25.46,48.98,70.83,39.67,18.02,46.56,44.16,91.89,55.88,108.21,96.49,102.43,102.43,90.41,98.65,76.65,76.69,39.04,40.72,138.06,137.34,28.29,28.04,48.73,51.89,23.87,24.04,11.79,11.70,81.28,37.16,97.20,97.08,118.26,93.93,101.68,78.23,56.93,54.64,106.72,13.02,11.92,21.18,21.59,99.27,99.30,27.60,27.48,154.82,71.41,73.15,93.16,90.08,166.22,57.68,61.07,71.46,71.46,84.64,35.36,35.22,42.60,40.20,40.74,155.17,155.16,87.23,81.44,91.79,96.90,16.81,17.44
65,22,F,R - Chinese,165.30,61.45,52.30,98.27,87.37,15.14,93.12,42.61,50.16,26.17,43.38,23.29,23.88,43.50,44.17,54.33,56.87,41.42,44.15,25.75,19.19,26.89,40.85,38.68,38.50,19.22,26.25,26.80,89.54,22.15,26.95,13.45,36.87,37.76,151.46,36.37,38.56,93.13,143.76,32.44,72.23,48.60,24.53,23.61,104.55,104.62,81.05,26.60,26.16,23.48,22.88,48.74,75.58,39.91,15.14,47.66,52.30,100.43,67.95,102.80,90.38,102.46,102.45,96.33,91.45,73.52,73.76,37.66,38.53,139.16,138.77,29.53,29.44,44.02,45.00,23.51,24.07,10.99,10.99,80.17,36.78,89.50,89.49,111.38,98.67,101.43,73.95,58.96,57.94,100.04,12.69,11.12,22.20,22.40,91.91,91.76,28.48,28.64,161.90,71.98,75.15,86.34,96.02,164.89,54.28,54.40,67.15,67.15,80.29,35.37,35.21,38.87,38.84,37.77,160.02,160.94,89.60,80.25,96.68,89.35,16.08,16.56
73,22,F,R - Chinese,166.10,54.95,55.10,86.06,90.95,16.02,83.77,32.58,51.27,22.05,36.92,25.88,25.51,41.31,42.69,55.75,55.25,43.03,43.84,23.36,18.87,24.47,35.43,33.61,33.69,19.38,28.44,27.23,83.11,18.07,21.10,10.82,36.58,36.54,143.65,36.88,35.61,85.29,143.85,34.26,74.93,47.97,24.54,23.48,108.28,106.95,70.01,22.21,22.56,23.68,23.27,49.71,71.27,39.84,16.02,43.27,48.44,85.54,70.01,89.55,81.84,98.64,96.49,82.47,94.31,75.53,75.60,35.16,36.61,138.98,138.72,27.87,28.11,44.23,44.53,24.33,24.33,10.18,10.14,69.58,39.11,93.08,93.59,107.70,89.70,94.94,75.09,55.83,54.97,97.03,10.91,11.43,26.51,27.20,94.61,94.68,27.14,25.75,154.94,71.15,70.63,69.77,82.07,167.13,55.18,55.61,69.85,69.85,73.13,34.56,34.08,39.93,39.82,41.43,153.56,152.81,76.44,69.66,83.60,93.03,17.87,16.70
92,22,F,R - Chinese,173.70,62.00,54.50,83.17,97.96,21.57,89.91,36.47,53.46,25.02,45.19,25.91,26.04,39.48,38.65,54.30,53.89,42.59,42.85,20.42,17.86,20.57,36.91,35.86,36.20,24.88,24.64,24.52,82.48,22.40,22.26,11.52,39.91,39.49,150.50,35.87,35.05,86.42,146.65,30.92,76.40,60.17,23.27,23.01,110.73,109.61,69.97,25.43,24.84,23.71,24.01,47.07,76.11,41.13,21.57,42.22,25.47,82.38,67.81,92.49,86.50,102.86,102.83,77.70,101.28,78.09,77.41,37.74,37.99,141.94,141.80,27.20,27.21,47.90,48.21,24.45,24.95,12.07,11.91,70.28,34.94,100.65,100.73,106.89,85.59,99.34,77.81,51.76,50.65,98.20,13.06,11.77,27.68,29.13,102.70,102.60,26.33,26.29,160.85,71.31,70.42,70.21,77.43,170.79,57.45,57.24,71.32,71.32,76.96,36.83,36.47,41.65,40.71,42.96,156.64,158.20,71.33,70.32,79.84,100.20,17.69,16.82
99,22,F,R - Chinese,179.20,63.20,57.80,90.66,101.01,17.64,95.23,42.33,52.76,27.34,43.61,24.64,24.88,45.25,45.94,60.01,59.92,47.51,48.01,21.22,18.56,21.81,42.14,39.06,39.25,22.93,26.47,26.13,91.50,24.52,25.13,12.47,35.24,35.47,149.48,34.71,35.50,94.41,155.59,31.09,83.37,58.12,23.45,23.36,115.22,113.53,70.96,25.66,27.75,23.42,23.34,44.99,76.71,41.30,19.56,42.86,47.66,88.04,58.55,99.13,92.15,99.04,98.94,81.68,106.30,83.99,84.16,36.60,36.61,150.34,149.24,26.56,26.71,44.56,45.40,22.74,22.96,16.23,15.70,70.89,36.34,105.09,105.08,110.98,89.58,98.69,84.68,52.02,50.24,101.49,12.32,11.66,21.52,22.05,107.53,107.39,25.53,25.10,162.23,77.26,78.17,72.37,81.45,179.09,54.76,55.42,78.29,78.29,82.15,33.98,33.94,44.24,44.27,39.88,162.73,161.02,74.34,70.94,84.43,104.73,16.12,16.08
24,23,F,A - White ,157.90,46.95,51.60,82.86,86.72,14.80,80.54,38.50,41.91,24.99,35.00,23.53,23.81,35.40,35.69,56.45,55.47,44.55,44.48,23.26,19.15,24.26,36.60,33.46,33.60,18.16,25.62,23.84,78.64,18.76,19.35,12.34,34.79,34.20,127.42,33.90,34.76,81.50,136.28,29.47,71.91,47.83,24.09,22.89,98.44,95.73,63.47,24.27,23.27,23.78,22.50,48.01,66.35,34.65,14.80,40.48,44.20,86.32,54.53,95.78,79.68,96.01,93.72,77.31,90.07,74.16,72.72,36.73,36.87,130.36,130.43,26.03,25.90,42.53,43.05,21.71,22.34,11.45,11.11,61.18,35.18,89.26,89.20,100.62,82.97,90.00,72.30,55.00,54.57,92.72,10.55,10.60,27.02,26.38,91.53,91.23,25.30,24.97,144.60,70.55,71.93,77.89,76.99,156.79,50.94,50.67,66.83,66.83,63.53,34.46,33.58,37.67,36.58,33.77,142.43,141.89,67.16,61.23,78.83,88.74,16.12,16.39
54,23,F,A - White ,163.20,62.60,58.00,91.40,91.77,16.88,89.37,40.63,48.65,24.54,37.68,25.34,24.23,45.43,42.22,55.82,57.18,42.74,44.85,23.28,19.90,24.78,37.06,34.67,34.50,20.57,29.60,27.52,89.08,25.47,25.38,15.33,39.49,38.61,133.90,35.86,35.80,92.55,140.80,32.95,74.89,55.54,26.05,24.51,102.07,101.53,72.68,25.25,25.27,25.50,24.36,53.32,68.85,38.13,16.88,45.73,44.22,84.35,68.34,100.81,87.89,107.01,105.25,84.70,95.46,76.28,76.16,41.08,40.40,135.22,135.90,28.05,28.17,49.13,48.95,23.97,23.27,12.09,12.09,71.53,38.54,94.65,94.42,107.85,92.24,103.73,75.31,55.79,56.80,97.77,11.24,10.61,21.51,21.06,96.63,96.66,26.69,27.76,153.30,71.80,72.84,89.57,84.35,162.63,62.14,61.03,69.81,69.81,75.39,39.42,38.55,39.22,37.88,37.05,151.47,152.09,78.69,71.63,87.79,94.07,18.24,17.89
66,23,F,A - White ,165.40,58.70,56.00,88.08,88.26,16.68,90.38,43.86,46.58,30.23,38.80,25.57,25.56,41.64,44.99,65.04,55.77,43.95,44.00,24.98,20.12,27.67,28.05,25.19,24.20,20.51,29.38,26.13,88.50,23.01,23.80,13.55,35.69,36.08,146.99,56.81,31.09,91.32,142.09,33.81,71.58,52.23,24.29,23.87,104.53,101.81,72.56,21.60,22.73,24.13,24.11,49.90,70.44,29.50,16.68,43.32,50.99,103.91,55.81,99.60,88.13,100.04,99.83,86.52,92.10,72.45,72.46,37.61,37.44,,134.80,,24.52,45.75,46.03,24.18,24.23,12.69,10.09,72.73,67.51,90.87,90.80,109.41,88.90,97.77,72.77,71.41,54.45,102.19,2.36,10.08,3.95,30.15,92.78,92.90,26.90,26.19,156.35,71.87,69.28,86.72,86.17,166.67,55.31,55.59,66.50,66.50,74.33,34.11,34.25,38.69,39.40,32.39,,154.50,78.99,72.89,86.78,90.24,15.47,15.82
96,23,F,A - White ,176.30,58.95,57.00,87.63,102.25,17.95,88.87,39.59,49.20,24.61,33.69,20.60,20.70,42.41,46.48,61.32,61.26,46.80,48.83,24.19,19.53,25.28,36.68,34.35,34.14,21.72,28.93,27.65,83.85,23.25,22.05,13.07,34.25,34.63,140.58,34.65,35.28,87.53,151.24,31.45,84.31,55.05,25.31,24.57,113.37,110.59,71.59,23.54,25.96,24.92,24.00,47.69,71.98,38.81,17.95,44.97,47.08,83.21,68.47,95.03,85.48,98.43,96.37,83.83,106.03,85.83,85.40,38.62,38.52,147.72,147.93,27.44,27.53,45.19,45.12,20.40,20.87,14.65,11.76,68.51,34.81,104.73,104.91,103.67,88.50,95.11,84.47,55.02,56.08,94.81,10.88,12.11,25.02,26.52,106.61,106.56,25.78,26.90,157.59,75.96,78.84,87.03,83.54,176.41,54.62,53.98,79.23,79.23,71.76,34.12,34.48,41.60,41.06,37.26,155.24,155.35,76.80,68.66,86.12,104.59,17.12,16.93
2,23,F,R - Chinese,151.50,50.50,55.50,80.76,80.24,18.16,89.08,38.34,50.57,27.61,45.08,24.51,24.11,36.34,35.14,46.97,46.81,35.49,35.85,20.96,18.39,21.56,37.37,34.90,35.29,22.61,26.98,25.53,84.95,23.26,25.70,14.03,37.93,37.83,137.84,32.40,34.28,87.71,126.81,31.90,62.07,57.48,23.54,22.50,98.73,96.33,74.17,22.64,22.02,22.34,22.25,43.96,70.30,32.89,19.21,40.84,29.57,90.33,71.86,95.89,85.31,91.08,89.65,73.81,84.69,63.68,63.13,39.22,38.00,123.27,121.50,26.18,22.97,47.49,46.51,23.36,23.84,8.87,8.97,68.51,34.94,83.79,83.88,108.59,78.36,87.41,62.23,49.99,46.91,97.85,11.79,9.62,20.39,25.15,85.99,85.80,24.84,23.72,150.18,61.56,64.53,68.83,73.55,152.47,53.71,53.43,56.99,56.99,76.79,36.15,35.52,31.96,32.11,39.03,149.92,148.68,69.44,68.56,75.61,83.50,15.71,15.66
34,23,F,R - Chinese,159.50,58.55,53.00,91.04,86.98,18.97,93.91,38.45,55.35,26.62,47.67,24.83,25.54,43.65,40.38,53.00,50.34,38.59,38.35,21.43,19.09,22.67,34.13,32.58,32.44,23.01,28.96,27.63,93.55,24.89,25.35,11.25,39.26,39.72,145.54,34.20,34.35,95.81,135.16,32.30,68.01,58.37,24.02,23.60,102.98,102.45,76.88,23.06,23.42,22.60,22.81,48.51,72.29,35.05,18.97,41.26,44.30,85.95,64.65,97.73,89.08,99.15,99.14,84.91,91.02,69.26,69.18,38.41,38.66,130.12,130.12,26.72,26.93,46.12,47.31,24.62,25.79,11.10,8.88,73.88,35.22,89.86,90.05,110.03,89.31,98.61,69.76,50.95,51.40,96.22,9.84,10.94,21.38,21.94,91.95,91.96,25.08,26.25,157.07,67.19,66.85,91.04,84.69,159.91,54.94,56.25,62.93,62.93,78.31,37.50,37.47,36.70,36.36,41.32,154.34,155.61,79.85,73.90,86.45,89.01,15.31,15.15
47,23,F,R - Chinese,162.20,62.70,58.50,85.53,89.68,21.84,95.19,41.16,53.95,26.60,46.71,22.40,23.41,40.64,42.71,52.27,52.98,39.36,39.62,23.61,18.49,24.42,41.17,38.73,38.73,25.38,29.59,27.33,89.96,25.65,25.03,12.64,40.24,40.18,149.71,35.67,35.73,92.52,137.58,33.79,67.84,62.38,25.97,25.23,104.25,101.84,75.89,22.00,21.47,25.36,24.85,47.53,75.25,39.36,21.84,40.88,31.81,89.17,69.33,99.40,91.57,100.11,99.90,83.06,93.23,69.32,68.77,40.08,40.02,134.39,133.32,28.40,25.35,47.12,46.95,22.68,23.56,10.77,10.77,74.70,37.54,91.98,91.97,114.15,85.94,97.22,68.96,54.15,53.09,104.20,12.16,12.36,24.90,27.90,94.03,93.97,26.82,25.93,162.84,69.16,71.51,77.26,82.79,161.51,56.73,56.66,62.76,62.76,77.52,38.25,38.58,37.50,37.17,42.61,161.24,160.31,80.17,74.76,83.35,91.50,18.43,18.25
50,23,F,R - Chinese,162.60,48.65,57.00,82.10,88.44,16.78,85.51,38.89,46.50,23.85,39.57,23.30,23.19,38.40,37.84,56.22,56.34,44.02,44.81,24.61,18.89,25.45,33.88,32.44,32.60,20.22,24.80,23.32,87.48,24.76,24.21,13.41,34.21,35.42,142.20,35.95,37.57,89.08,139.57,31.88,71.65,51.24,22.69,21.19,102.91,101.40,67.48,21.19,22.74,22.45,22.29,42.49,73.34,34.76,16.78,42.64,47.39,97.95,78.26,97.42,83.06,89.32,89.20,78.02,91.87,72.81,72.36,35.09,35.00,134.82,133.62,28.85,27.59,38.94,38.83,21.73,22.73,13.99,11.23,67.31,36.32,90.88,91.06,101.71,82.86,88.22,73.72,56.57,55.30,92.97,10.36,9.32,23.38,32.30,92.55,92.60,28.34,27.84,154.70,69.57,71.87,76.29,77.69,163.47,45.26,45.37,66.57,66.57,73.71,31.89,32.73,38.36,38.26,35.07,152.49,152.23,69.14,67.34,78.92,90.71,15.33,15.28
55,23,F,R - Chinese,163.50,57.10,59.00,86.45,91.59,17.56,92.36,39.98,52.06,26.64,45.60,26.16,25.69,40.94,41.02,53.16,51.76,41.08,40.51,22.26,18.50,23.26,36.76,34.93,35.36,21.22,29.00,26.51,90.21,23.15,25.36,14.42,37.92,37.90,140.63,34.64,39.51,92.85,141.56,43.60,74.02,56.67,24.36,23.93,106.34,105.02,75.94,20.98,21.70,24.35,23.97,47.04,71.26,37.48,17.56,42.25,45.40,108.32,57.31,97.52,89.27,94.25,93.97,83.79,95.24,74.25,74.25,39.72,39.76,136.06,135.08,26.64,25.09,47.13,47.07,24.99,24.72,11.87,11.48,74.29,41.94,93.86,93.72,106.58,87.93,93.02,75.30,52.77,51.40,97.34,11.14,9.32,19.06,23.93,95.77,95.61,26.98,26.32,156.72,68.27,69.10,74.73,83.55,164.44,53.16,54.27,68.94,68.94,80.58,37.11,36.65,37.92,38.33,40.06,155.12,154.38,78.08,74.32,85.13,93.39,16.41,15.74
61,23,F,R - Chinese,164.50,65.10,58.20,91.83,89.90,18.46,95.49,43.72,51.57,31.05,45.57,25.73,26.10,40.84,40.53,50.37,51.44,38.79,39.39,23.34,18.93,24.20,42.99,39.39,39.62,23.24,26.78,26.14,94.85,26.61,27.57,13.99,39.24,38.81,146.95,36.13,35.60,97.45,140.48,34.78,71.45,59.93,24.05,23.34,107.26,106.80,80.12,22.23,22.92,23.81,23.56,48.59,74.09,40.01,19.43,46.15,46.28,90.84,69.00,103.09,93.91,99.27,99.09,87.30,94.69,72.07,72.04,37.57,38.11,135.69,135.92,25.73,25.92,48.85,50.01,24.50,25.18,11.47,11.47,78.40,39.13,93.06,93.42,113.59,91.10,98.46,72.49,54.16,54.19,104.32,12.50,12.22,24.67,25.40,95.55,95.65,26.50,26.17,161.96,69.20,69.33,78.18,87.04,164.45,56.96,57.36,66.37,66.37,80.99,35.72,35.73,38.19,38.19,40.96,159.64,160.26,82.91,78.55,88.79,93.12,16.81,16.36
85,23,F,R - Chinese,169.70,69.35,55.70,96.54,94.81,19.44,93.09,41.81,51.15,27.69,43.50,26.49,25.85,44.00,44.69,54.34,54.42,41.99,42.32,24.16,18.94,25.40,42.31,39.69,40.00,23.53,29.36,27.47,90.29,24.58,25.15,13.24,40.10,40.16,149.73,33.87,35.59,91.41,146.74,31.48,75.36,61.90,26.61,25.52,109.41,107.44,77.51,23.55,23.69,25.10,25.48,54.57,73.72,40.73,19.44,49.05,48.50,88.72,63.77,98.72,90.90,108.11,107.98,92.48,98.90,75.61,75.56,39.18,37.64,141.98,141.45,25.92,25.98,47.82,47.94,26.03,25.95,12.21,12.01,77.53,36.21,97.66,97.61,110.16,96.27,105.57,76.56,54.26,53.26,102.36,13.31,12.59,20.55,27.15,99.75,99.79,25.46,25.97,165.20,71.84,73.98,95.32,92.14,169.63,59.15,59.94,70.28,70.28,80.93,38.31,37.42,41.09,41.46,39.90,164.13,163.24,83.62,77.54,94.04,97.41,16.10,16.56
87,23,F,R - Chinese,170.20,58.75,58.70,86.84,96.22,19.76,92.14,39.61,52.33,29.02,41.58,25.63,26.18,46.22,46.40,55.14,56.48,41.77,44.04,20.87,19.10,22.01,41.60,38.70,39.09,25.72,29.07,27.31,87.84,21.10,22.65,12.40,36.21,36.06,149.63,31.61,33.71,91.40,146.53,33.34,76.47,62.58,24.38,23.52,109.93,106.14,72.80,23.26,25.36,23.53,22.72,47.47,74.06,43.10,22.26,43.07,45.21,84.05,69.91,92.90,91.04,100.37,99.95,79.98,102.19,77.22,77.02,36.48,34.78,142.70,140.43,24.96,22.95,45.20,44.88,24.72,25.90,12.06,14.44,72.77,37.93,101.10,101.33,108.42,85.70,97.65,77.44,50.76,46.44,100.65,14.62,10.90,24.11,28.50,103.21,103.07,22.65,21.47,159.23,72.08,75.96,74.07,79.66,171.36,54.06,53.63,71.39,71.39,83.12,34.77,33.50,41.10,42.23,42.35,158.92,156.26,75.72,72.80,81.48,100.78,15.49,15.16
91,23,F,R - Chinese,173.60,53.05,54.10,81.01,101.50,20.29,85.67,41.52,44.10,27.78,39.22,22.54,22.25,47.13,42.43,56.68,57.12,43.32,45.56,21.78,18.78,22.54,38.31,36.43,36.60,23.71,23.06,23.49,83.84,21.32,20.57,12.46,35.17,35.07,141.37,34.17,35.06,86.12,147.35,31.32,81.21,57.68,21.64,21.39,107.90,108.29,71.10,25.74,27.15,21.58,20.92,43.44,71.36,38.30,20.29,41.30,30.24,85.24,69.18,93.76,83.69,93.17,92.89,75.98,104.92,81.90,81.74,35.82,35.79,144.54,143.86,25.78,26.39,43.37,43.50,21.97,22.21,13.78,15.89,67.97,37.01,104.30,104.15,98.54,84.36,92.24,83.61,52.68,52.10,92.50,12.24,10.88,23.72,27.55,105.23,105.47,25.59,25.79,153.09,73.04,73.60,79.98,75.64,171.31,50.98,51.11,76.13,76.13,71.33,32.20,32.37,43.60,42.22,33.02,152.97,149.73,70.77,68.01,78.34,103.42,14.97,14.75
4,24,F,A - White ,152.50,56.40,56.20,93.28,84.34,15.43,94.59,44.44,49.97,28.17,41.78,23.70,24.09,42.59,41.97,53.73,52.82,42.29,41.35,23.16,18.37,23.84,38.47,36.00,36.26,19.52,30.14,27.09,88.28,23.66,24.32,15.16,37.04,37.21,132.66,35.90,34.89,93.53,131.58,35.38,68.91,52.51,26.04,24.06,96.52,95.11,77.01,22.86,23.11,25.36,23.73,45.65,67.41,37.76,15.43,46.46,43.55,87.47,54.30,101.01,91.24,99.65,99.46,88.78,88.43,69.68,69.56,34.69,34.63,127.55,127.86,27.03,26.22,42.75,42.06,23.90,24.37,8.72,8.72,76.79,39.11,87.00,86.92,114.01,89.80,97.54,70.17,53.93,53.82,103.39,10.23,12.43,26.38,24.99,89.56,89.75,25.44,24.57,148.96,70.90,70.75,79.91,88.53,157.04,55.21,55.38,63.83,63.83,79.06,33.84,33.61,37.07,37.40,36.06,147.36,147.77,80.82,76.96,89.51,86.63,16.71,15.95
6,24,F,A - White ,154.50,59.60,55.80,88.89,83.55,17.46,97.60,44.96,52.65,29.09,38.69,23.41,24.31,48.20,45.28,51.48,50.64,37.53,37.50,23.34,19.40,25.01,38.38,35.12,35.16,21.30,31.25,30.52,94.95,23.66,27.21,13.85,37.97,38.84,135.90,35.00,35.44,96.87,131.12,32.81,66.09,53.60,26.01,25.60,96.71,95.27,76.32,20.85,22.01,25.80,25.54,49.20,69.33,35.75,17.46,43.99,33.38,79.75,64.66,103.88,93.92,97.12,96.93,84.64,87.39,67.82,67.46,37.09,36.70,126.60,126.08,27.27,26.50,47.34,48.96,22.61,23.80,10.87,10.73,75.62,35.53,86.36,86.13,112.65,87.47,95.67,67.19,55.23,55.04,103.73,11.01,11.33,26.22,25.62,88.20,88.17,25.86,27.30,151.32,65.95,67.27,88.73,84.38,153.10,56.71,58.48,61.01,61.01,82.50,34.57,33.94,35.98,35.99,38.39,148.92,150.88,79.66,75.68,86.43,85.79,15.71,16.52
12,24,F,A - White ,155.10,54.95,55.80,84.42,84.55,17.20,90.07,43.03,46.93,29.72,38.78,23.50,23.00,43.39,44.40,49.78,49.77,38.29,38.32,22.74,19.88,24.55,37.98,34.51,34.59,20.80,29.55,27.92,86.90,21.05,23.83,12.30,37.25,37.71,132.91,31.93,32.17,90.61,130.35,31.41,67.35,53.47,24.45,24.02,97.04,95.93,71.96,19.95,21.65,24.31,24.27,48.15,67.53,35.75,17.20,43.14,44.53,77.50,58.81,95.49,89.47,96.49,95.13,81.22,88.15,69.47,68.82,34.59,35.38,127.20,126.68,24.53,24.25,45.81,47.42,21.94,22.77,10.91,10.66,71.77,34.78,87.15,86.90,106.96,83.86,90.37,67.90,51.87,51.25,99.25,10.81,11.71,28.29,28.00,88.85,88.88,23.69,24.44,147.52,65.63,66.68,84.09,80.96,154.21,56.20,56.02,62.27,62.27,76.81,33.91,33.64,37.21,35.66,36.32,146.03,145.91,74.05,71.89,82.78,86.66,16.36,17.14
38,24,F,A - White ,160.20,58.50,53.30,89.21,92.42,17.49,87.78,40.24,47.47,29.37,39.20,24.01,24.36,44.62,52.76,53.07,54.03,42.65,42.76,20.63,20.70,22.92,41.08,38.55,37.95,21.98,27.69,26.70,82.82,20.94,21.35,10.52,37.13,37.75,134.96,29.22,31.99,87.65,139.75,31.63,74.93,56.75,24.16,24.69,104.91,100.73,72.84,22.58,23.33,24.10,24.38,51.94,66.34,41.64,18.40,43.60,43.97,74.43,63.36,90.84,86.44,107.29,106.94,81.09,96.91,75.61,75.48,35.33,35.73,136.11,134.89,24.28,22.88,47.84,49.62,24.21,24.66,8.91,8.91,71.93,35.44,96.05,96.31,108.01,88.65,104.85,76.06,50.02,48.40,99.09,14.17,11.96,22.30,26.89,98.23,98.42,21.23,22.36,150.34,69.96,72.75,87.30,80.84,160.46,58.96,62.11,69.85,69.85,76.27,34.27,34.28,41.51,40.18,38.15,150.15,148.71,76.24,72.18,83.31,95.55,15.54,15.44
42,24,F,A - White ,161.30,98.80,57.80,121.39,85.93,14.81,122.18,53.15,68.94,35.45,55.46,26.36,25.79,54.79,56.61,51.35,51.85,33.78,35.19,24.41,19.10,26.02,43.50,40.18,40.16,22.45,36.80,36.39,118.08,29.06,29.56,16.85,45.93,46.68,153.91,41.62,44.22,122.56,136.81,40.62,71.13,68.05,31.31,31.66,103.60,100.91,104.24,25.34,27.76,30.18,30.45,57.63,78.20,42.22,16.56,62.60,46.82,111.98,63.30,125.60,115.58,121.93,117.88,117.03,93.58,73.94,73.72,46.12,47.84,135.30,134.37,33.99,32.90,56.31,59.98,27.05,26.30,10.86,10.86,100.08,41.93,91.22,91.26,134.19,119.03,120.73,76.10,62.61,61.06,119.98,13.07,11.13,21.67,26.02,94.36,94.49,32.32,32.04,175.62,69.17,71.90,108.66,116.54,162.96,70.43,73.20,66.05,66.05,100.21,44.94,45.33,39.29,37.64,47.43,177.39,176.72,110.19,100.08,117.93,91.24,19.13,18.94
84,24,F,A - White ,168.50,59.45,53.50,89.83,98.09,20.44,94.90,37.28,57.64,26.74,41.53,23.31,23.51,43.47,53.43,55.22,57.33,44.38,45.48,20.25,19.51,21.96,37.13,34.91,35.85,24.40,25.61,25.39,90.33,23.08,21.45,11.10,36.12,36.66,146.09,32.53,32.09,94.70,145.50,30.01,77.64,60.32,23.01,24.17,106.29,105.11,78.32,22.78,23.47,22.19,23.81,48.44,73.10,38.74,20.44,47.37,31.35,75.94,56.64,96.59,88.48,100.43,100.14,85.09,102.05,78.55,78.41,37.73,38.04,140.32,139.55,25.92,25.62,46.85,48.17,21.65,22.73,11.98,11.77,74.52,34.51,101.09,101.36,105.71,88.13,97.81,78.88,49.21,47.59,93.12,12.26,11.34,24.33,28.81,102.96,102.75,23.42,23.07,155.93,73.06,73.73,74.05,84.80,167.50,56.33,56.94,72.56,72.56,82.19,33.69,33.99,41.50,40.89,42.99,154.20,154.69,79.31,74.71,86.76,100.97,14.44,15.28
5,24,F,R - Chinese,153.00,44.90,53.90,81.67,79.34,16.77,84.09,38.10,46.02,26.20,37.77,22.65,22.02,35.79,36.14,51.36,51.54,39.42,40.10,18.45,18.36,18.77,37.37,34.94,35.08,20.15,24.31,23.66,78.59,21.07,20.34,13.35,35.85,35.95,137.41,30.84,32.01,82.25,127.82,31.32,62.57,51.51,22.37,22.02,95.13,95.16,67.35,21.22,21.25,22.34,22.39,46.22,69.46,34.58,16.77,41.67,43.97,71.44,59.07,86.71,82.84,93.09,92.82,75.91,82.72,64.57,63.57,36.03,34.52,124.66,123.69,22.52,21.03,40.64,40.06,21.66,21.41,10.62,10.52,64.53,37.11,82.02,81.85,100.89,82.41,91.29,63.75,45.97,45.26,93.74,10.91,10.16,23.51,24.97,83.57,83.41,21.90,22.56,149.95,65.77,67.72,76.95,75.61,151.78,48.33,48.12,57.49,57.49,74.35,34.13,33.01,33.45,34.30,36.87,148.03,147.36,65.97,64.59,77.53,81.42,14.87,15.39
7,24,F,R - Chinese,154.60,54.10,55.40,86.05,82.39,15.11,92.21,42.46,49.67,26.21,38.52,26.74,26.02,44.27,41.02,51.49,50.07,38.62,38.85,22.57,18.38,23.22,35.91,33.93,34.17,21.10,28.35,26.53,90.88,26.62,26.51,17.16,37.64,37.72,137.53,34.95,76.12,93.20,130.43,66.12,67.28,55.17,24.82,24.41,99.60,96.96,75.27,23.27,23.67,24.72,24.10,45.05,79.48,34.83,17.63,37.68,44.00,131.99,75.51,102.65,88.10,94.54,94.17,78.14,88.38,68.41,68.32,37.05,36.89,128.37,126.06,27.28,23.69,44.48,44.67,26.38,26.08,10.69,10.65,71.99,77.66,86.86,87.13,105.91,83.66,92.26,67.97,53.40,110.81,96.10,10.56,16.38,17.10,75.77,89.30,89.30,26.67,37.06,175.34,65.68,66.41,73.65,77.93,156.74,53.17,53.30,62.20,62.20,81.06,35.57,35.25,36.21,35.58,35.45,152.39,149.50,72.98,71.99,80.13,86.31,18.50,17.69
17,24,F,R - Chinese,156.60,52.50,55.50,81.91,86.02,15.84,87.69,39.23,48.40,25.29,40.04,24.10,24.57,38.97,39.95,50.30,50.41,38.28,38.88,22.20,19.18,23.46,38.62,35.56,35.03,19.30,26.74,25.44,83.53,22.26,23.56,12.01,37.20,38.59,133.65,34.04,33.44,87.09,132.41,40.93,70.18,53.34,23.05,22.66,100.46,99.92,70.48,23.53,24.20,22.47,22.30,46.62,67.64,34.15,15.84,40.73,36.53,80.71,65.83,94.03,82.97,94.30,92.79,77.85,89.48,70.89,71.15,37.73,38.06,128.84,128.89,24.83,23.78,46.00,48.01,23.85,24.25,11.13,10.91,69.75,36.65,88.87,88.28,103.05,83.51,92.11,70.71,49.45,50.89,93.84,9.31,10.90,24.40,24.94,90.46,90.29,24.60,23.93,151.19,65.98,67.79,73.94,77.60,156.35,54.64,55.61,65.10,65.10,75.47,35.86,36.39,37.14,36.62,34.72,147.08,148.65,73.41,69.95,78.85,87.99,15.36,15.99
31,24,F,R - Chinese,159.00,54.20,55.00,89.63,86.36,15.85,91.23,42.97,48.22,28.76,38.01,22.99,22.70,43.10,40.74,52.07,49.49,39.65,38.71,24.46,19.92,26.03,38.57,35.39,35.48,19.87,28.53,26.43,88.02,26.56,21.69,12.10,35.34,36.29,139.94,32.87,34.05,91.41,136.90,30.19,70.51,51.96,22.85,23.00,101.52,102.00,74.18,23.20,24.92,22.62,22.94,44.62,68.52,36.59,15.85,46.27,47.85,91.73,58.15,99.73,88.63,92.95,92.66,86.35,90.38,71.37,71.09,34.13,34.77,131.83,131.25,25.68,24.98,43.15,44.03,21.50,22.15,13.52,10.99,74.06,34.63,88.87,88.92,106.95,87.12,92.33,71.55,53.65,52.51,99.34,11.39,10.87,27.46,29.93,90.95,91.01,25.05,24.84,151.53,67.65,67.37,88.58,86.07,159.01,52.76,54.10,65.43,65.43,74.13,32.81,32.73,37.93,37.96,36.53,151.28,150.90,77.52,74.21,87.85,88.77,15.31,14.76
43,24,F,R - Chinese,161.30,41.70,53.80,76.04,91.86,18.80,77.11,32.98,43.95,22.26,37.68,23.59,23.19,33.00,32.76,54.55,52.59,43.90,42.55,20.19,18.11,20.58,33.91,32.24,32.50,21.74,21.68,19.62,73.07,20.32,19.83,11.36,33.13,33.10,139.09,31.37,30.90,76.00,138.53,29.43,73.06,54.41,20.12,20.13,103.61,103.39,61.55,22.40,22.53,20.17,20.28,40.63,68.20,34.25,18.80,35.93,43.54,75.66,66.70,81.05,73.86,87.23,87.12,70.43,94.80,73.52,73.56,33.67,33.33,134.39,133.27,23.70,22.16,38.64,38.90,22.23,22.78,11.41,14.08,60.55,33.22,93.80,94.05,91.33,77.35,85.25,74.45,47.20,44.56,86.03,10.13,9.99,29.85,27.63,96.45,96.32,23.32,22.50,146.60,68.10,68.50,62.06,70.24,161.65,45.12,45.62,67.98,67.98,65.36,31.52,30.67,38.95,39.07,33.96,146.07,143.91,60.98,60.55,72.11,93.63,15.02,14.95
67,24,F,R - Chinese,165.50,55.95,55.00,85.52,92.39,15.20,92.20,41.57,50.45,29.40,36.25,25.11,24.79,44.15,43.32,53.55,54.93,41.67,42.97,20.49,18.99,21.27,39.12,36.78,37.28,19.35,26.81,25.57,87.21,21.82,22.55,11.09,37.62,36.65,135.64,32.55,32.90,91.74,142.46,32.44,77.19,53.58,23.43,23.25,103.95,104.87,72.41,22.99,22.82,22.86,23.21,43.42,69.15,35.92,15.76,41.98,45.92,77.57,55.19,94.63,89.30,91.57,90.42,80.47,96.53,77.38,77.34,36.40,37.15,136.45,137.12,24.00,23.72,45.96,45.07,24.07,23.91,11.77,11.69,72.39,36.67,95.41,95.15,103.54,86.08,90.07,77.95,47.37,48.24,94.14,11.74,10.89,23.85,27.50,97.24,97.11,22.61,23.44,154.20,71.01,70.67,73.62,80.25,169.30,54.74,55.03,72.11,72.11,79.56,35.11,33.94,40.80,40.26,37.01,151.37,152.13,73.83,72.52,81.47,94.83,16.00,15.79
69,24,F,R - Chinese,165.60,52.15,55.80,81.02,93.51,19.63,87.85,37.19,50.60,25.32,46.80,23.01,23.82,36.07,39.35,52.24,51.99,41.87,40.55,22.77,18.72,23.75,42.97,38.83,39.09,22.76,24.59,23.14,85.44,23.42,24.85,12.82,35.44,35.13,140.49,33.81,34.07,88.39,142.56,30.41,73.88,55.75,23.29,17.85,106.48,105.67,70.30,19.74,21.44,22.31,17.68,46.70,71.75,37.65,19.63,39.22,44.88,84.22,65.20,97.03,85.36,94.70,93.49,77.36,96.64,74.58,74.88,35.00,33.60,136.06,135.61,24.89,23.69,41.57,41.76,23.41,23.50,11.01,13.22,69.68,33.98,95.82,95.75,103.98,83.03,90.83,,52.00,51.59,97.26,12.73,12.70,23.72,25.61,,,24.90,25.95,152.51,69.79,69.85,69.47,77.12,165.14,51.66,52.01,68.80,68.80,73.54,33.22,32.23,41.25,40.80,41.35,149.44,149.88,72.51,69.96,77.20,95.21,15.90,8.63
80,24,F,R - Chinese,168.10,55.90,55.00,80.22,95.05,19.47,88.41,36.64,51.54,25.28,44.50,25.75,25.91,39.99,40.30,55.05,55.45,44.25,44.91,20.64,18.52,21.04,41.84,38.87,38.87,22.67,25.15,24.24,84.21,23.78,25.40,15.03,40.20,39.32,144.36,34.27,34.16,87.51,145.37,31.88,75.58,57.84,22.75,22.36,107.33,107.23,68.87,24.77,25.78,23.06,23.63,45.98,73.15,39.82,19.47,36.13,44.95,79.44,60.44,95.31,86.34,96.31,95.55,74.10,98.25,75.97,76.57,34.68,35.00,140.42,140.39,25.47,25.25,44.29,46.16,24.53,24.60,11.59,11.63,64.16,37.25,97.40,97.19,111.51,82.33,94.68,76.17,51.17,49.99,101.04,13.55,11.59,20.18,19.17,100.44,99.94,24.49,25.16,158.35,73.26,73.71,70.90,73.83,169.13,50.72,52.68,70.50,70.50,78.95,34.12,33.34,42.22,39.54,44.21,156.48,157.84,65.40,64.20,76.64,96.52,16.09,15.46
16,25,F,A - White ,156.20,39.40,54.40,75.56,85.88,16.75,78.78,40.08,38.41,26.07,32.59,19.49,20.70,31.88,35.46,49.23,49.76,39.03,39.86,20.79,19.17,21.46,34.74,32.45,32.53,20.04,20.22,20.06,74.83,20.44,20.71,14.55,31.60,32.00,135.08,31.44,31.01,77.46,135.27,31.29,69.13,51.41,19.89,20.96,104.59,101.66,65.71,23.85,23.97,19.76,20.77,36.73,65.93,34.69,16.75,34.83,30.36,66.12,56.24,86.70,78.43,79.60,78.84,71.46,89.17,69.49,69.20,32.18,32.66,130.25,129.74,23.27,22.72,36.45,38.68,19.62,19.82,12.63,12.53,61.85,34.39,87.75,87.75,96.68,74.80,79.54,71.93,49.12,47.75,89.27,10.92,9.18,19.63,22.40,90.31,90.11,23.15,23.34,147.19,64.16,64.73,72.61,71.22,157.56,41.75,42.61,64.05,64.05,73.52,29.99,30.01,35.54,36.10,30.43,144.89,145.48,63.85,61.92,72.68,87.63,14.33,15.09
36,25,F,A - White ,160.00,93.50,54.50,121.48,85.55,12.50,119.99,50.38,69.56,33.57,49.52,25.36,25.68,52.44,59.22,52.50,52.89,36.33,37.38,22.47,20.25,24.68,46.06,41.22,40.88,22.70,37.90,37.64,112.59,23.28,30.07,17.73,45.35,44.46,145.37,37.79,39.78,118.51,138.40,37.09,73.06,67.00,30.03,30.36,102.84,101.71,100.97,24.26,24.28,29.42,29.99,58.76,72.82,43.14,17.50,63.19,33.37,95.85,62.76,122.96,114.30,122.81,122.57,111.63,95.75,74.14,74.24,46.20,46.58,135.04,134.82,31.28,30.26,60.57,62.35,24.65,25.79,11.90,11.71,100.46,39.68,94.63,94.45,132.94,111.18,122.64,76.07,58.67,57.72,117.31,13.82,12.43,19.08,20.25,96.94,97.16,28.79,29.68,167.04,70.25,73.16,111.58,111.20,159.92,72.18,74.59,67.98,67.98,98.96,45.09,43.68,39.21,38.64,50.50,168.61,169.38,107.76,101.02,110.77,94.05,18.47,17.79
64,25,F,A - White ,164.70,57.40,58.40,89.95,95.29,17.68,88.69,38.49,49.97,24.05,40.26,24.61,25.67,41.02,40.98,54.86,55.18,41.56,42.94,21.86,19.02,22.86,36.59,33.44,33.49,21.37,28.78,25.87,85.84,23.80,24.37,14.89,37.74,38.83,130.87,33.97,34.01,88.93,142.08,32.81,77.62,55.71,25.04,23.70,105.19,103.85,74.30,23.89,24.32,24.48,23.88,48.33,66.52,33.85,17.68,45.03,41.85,79.83,61.51,94.93,85.61,99.35,98.75,85.47,98.99,78.46,78.67,37.04,36.84,136.80,136.33,25.04,24.67,45.15,45.10,23.80,24.25,11.83,11.83,72.56,38.44,97.77,97.96,104.04,89.18,97.95,78.45,51.39,50.40,93.94,9.82,8.58,19.55,25.29,100.30,99.88,24.31,25.47,147.92,69.96,70.67,75.14,85.17,165.52,56.13,55.50,72.54,72.54,79.06,35.75,35.83,42.06,41.55,38.01,146.24,146.94,81.47,72.76,86.96,97.70,16.07,15.35
97,25,F,R - Chinese,176.40,67.20,56.70,91.84,100.07,18.55,99.40,42.81,56.46,31.20,47.13,23.89,24.26,49.24,47.61,56.37,57.87,45.65,45.67,21.11,18.57,21.66,48.34,45.13,45.13,22.50,29.01,27.95,95.44,23.42,25.77,13.50,37.69,38.20,147.57,37.05,36.03,97.39,149.61,32.61,81.52,58.23,24.61,24.95,109.76,109.14,78.09,23.17,23.39,23.97,23.78,50.13,75.93,44.51,18.76,46.29,46.15,90.09,66.85,100.58,96.04,100.54,99.66,87.89,104.02,83.13,82.34,39.85,39.51,146.63,145.98,27.07,26.62,46.31,47.65,22.57,23.65,12.44,12.35,75.81,37.16,102.88,102.89,112.45,90.16,98.57,81.96,52.63,52.23,102.82,14.72,13.97,26.12,24.74,105.52,105.11,26.05,26.60,161.71,78.33,78.64,75.10,87.55,172.48,54.88,55.15,76.44,76.44,81.95,36.13,36.51,41.58,41.73,45.19,159.27,161.01,78.75,75.86,89.24,102.50,17.13,16.85
18,26,F,A - White ,156.60,49.30,53.50,78.07,88.73,18.93,85.54,37.08,48.17,25.27,40.65,20.80,21.61,35.96,38.42,53.55,53.64,42.22,43.13,20.76,18.96,21.80,38.63,34.92,35.15,22.25,23.38,24.93,80.16,21.10,20.93,11.64,36.18,36.55,133.39,31.19,32.70,84.17,132.08,30.35,69.80,55.92,23.44,22.75,99.18,97.00,64.18,22.66,23.63,23.08,22.46,46.64,68.54,35.24,18.93,38.46,42.42,81.73,63.76,90.74,80.78,94.92,93.06,73.81,92.05,71.03,71.34,35.94,37.28,129.18,128.07,23.94,23.14,43.84,44.27,20.99,21.86,10.46,10.46,63.63,34.85,91.65,91.25,101.52,77.39,89.90,70.24,49.35,46.95,92.68,11.01,9.98,23.42,29.60,93.96,93.31,22.50,22.20,146.48,68.70,70.84,76.66,73.46,156.85,51.88,52.69,64.72,64.72,69.95,34.38,34.22,38.85,38.11,37.35,144.30,143.93,68.35,63.76,75.17,90.63,14.96,14.35
40,26,F,A - White ,160.50,65.80,54.70,95.82,92.00,18.14,100.11,39.31,60.48,25.39,44.78,23.13,23.00,40.62,44.78,50.15,52.02,36.05,38.33,24.05,19.04,25.98,42.03,38.80,38.48,22.17,29.18,28.72,100.76,27.62,29.35,16.18,34.59,35.05,141.97,44.76,36.54,101.58,138.57,34.86,73.87,59.48,19.47,21.58,110.32,106.26,85.85,20.99,22.16,21.51,23.22,50.73,71.38,41.66,18.14,49.30,31.55,88.47,63.82,111.44,95.68,105.57,105.55,94.20,96.03,74.63,74.62,35.72,36.73,135.49,134.69,29.21,27.65,46.58,47.22,21.19,21.67,11.92,11.88,83.21,44.63,94.75,94.83,133.63,95.79,103.78,75.28,58.03,56.87,110.71,13.80,12.18,22.76,22.50,96.72,96.76,28.83,27.99,157.35,69.24,71.86,84.58,93.82,161.10,59.88,60.21,68.79,68.79,91.92,34.13,34.55,40.34,39.72,48.00,157.16,156.02,89.55,83.48,94.46,94.57,14.34,15.75
62,26,F,A - White ,164.50,60.65,56.50,88.83,90.89,15.93,88.96,40.71,48.13,27.69,39.38,24.74,25.05,39.80,43.71,55.27,54.40,42.38,42.94,21.16,18.65,21.91,40.34,37.78,37.86,19.52,25.87,26.77,84.70,23.45,23.85,14.91,36.99,38.29,135.68,35.05,35.31,88.48,141.41,33.34,74.96,52.25,23.26,24.75,106.95,104.24,71.29,25.12,26.04,24.18,25.23,49.80,71.62,38.62,15.93,43.86,46.32,85.08,67.76,98.49,87.73,101.58,100.71,82.75,94.48,75.64,75.60,35.65,36.37,138.28,137.90,25.83,25.41,47.53,48.28,23.53,23.84,14.18,11.72,70.92,39.08,93.56,93.44,108.12,88.63,98.28,75.61,53.16,54.01,99.96,11.57,12.90,19.95,24.73,95.90,95.86,24.68,24.78,158.04,71.63,72.99,80.49,82.44,165.27,59.49,59.42,69.88,69.88,73.60,34.59,35.55,40.70,40.79,38.75,154.61,155.54,73.93,71.11,84.00,92.94,16.90,16.66
51,27,F,A - White ,162.90,62.90,56.50,88.06,95.92,20.10,92.57,35.15,56.92,25.11,44.83,24.69,24.72,46.23,43.42,54.24,53.05,40.84,41.41,21.29,18.79,22.04,42.07,36.86,37.00,23.68,31.36,29.14,88.27,22.18,23.18,10.73,38.23,39.45,137.72,34.29,34.07,90.94,140.51,32.08,75.81,60.09,26.48,25.96,106.09,104.86,71.08,22.54,23.34,26.55,25.58,52.83,69.57,37.06,20.10,43.46,28.84,81.57,66.17,94.51,89.09,108.46,107.45,81.91,99.49,76.54,76.53,38.91,38.65,136.91,136.33,26.80,25.07,49.63,50.64,24.58,24.97,11.97,9.08,71.13,35.17,98.99,98.75,112.52,88.11,106.77,76.42,51.63,50.92,101.08,11.41,11.97,23.55,22.77,100.56,100.57,24.89,25.24,153.24,70.46,71.47,87.02,81.63,163.48,60.99,62.68,70.73,70.73,77.11,37.33,37.54,40.40,40.40,47.31,152.38,151.70,79.60,71.19,83.88,98.01,17.55,18.04
77,27,F,A - White ,167.20,77.10,58.00,104.11,90.03,13.16,109.81,54.04,55.78,38.28,41.84,23.24,23.88,57.29,54.96,52.07,56.58,40.84,43.83,23.55,19.76,25.77,46.26,43.53,42.82,17.92,30.01,31.71,105.09,22.92,23.92,14.95,38.36,39.65,144.89,35.76,36.50,107.45,143.12,37.35,76.87,51.16,25.83,25.77,107.18,102.40,88.67,22.46,23.87,25.44,25.56,50.76,72.60,47.71,13.16,49.54,52.22,86.69,70.02,114.02,106.57,105.58,105.55,102.40,94.79,78.34,78.41,37.75,37.64,141.50,140.14,27.86,27.43,49.63,49.93,23.46,23.50,9.26,11.70,88.45,40.84,92.56,92.60,122.88,101.68,104.43,78.26,56.14,54.89,110.63,15.37,13.09,24.89,24.15,95.23,95.06,25.52,26.38,163.91,72.81,76.95,94.76,102.11,166.66,60.84,60.82,71.79,71.79,98.34,35.04,35.06,40.27,40.51,38.60,164.12,163.47,90.32,88.69,101.98,92.39,16.04,16.02
3,28,F,A - White ,152.00,42.20,53.00,79.04,86.42,16.29,83.06,39.36,43.55,27.50,35.65,22.22,21.65,40.49,38.44,51.69,50.94,41.68,41.89,22.29,19.66,23.60,36.74,34.39,34.40,19.51,23.26,22.22,79.59,22.71,22.07,13.95,32.76,32.05,124.28,32.10,32.19,82.88,130.89,33.05,70.13,50.70,23.02,21.37,96.36,95.88,68.45,20.06,20.56,22.48,20.62,40.40,63.66,37.50,16.29,38.52,33.91,79.49,54.61,90.87,81.69,86.65,86.55,76.27,89.64,71.00,70.97,31.53,30.71,127.12,127.75,23.75,24.14,37.62,37.09,20.90,20.89,10.89,10.67,68.92,37.73,88.41,88.30,98.41,80.40,86.41,,50.62,51.60,92.28,10.73,10.24,26.14,25.10,,,22.99,23.71,142.25,67.71,67.54,78.78,75.93,152.66,47.88,47.76,65.05,65.05,69.02,30.39,29.05,37.30,37.40,32.71,138.84,141.06,74.18,68.99,77.32,88.21,14.46,15.11
15,28,F,A - White ,156.00,60.75,55.00,95.14,84.44,17.57,101.09,42.75,58.14,28.66,47.62,23.79,24.07,42.12,45.07,51.73,52.21,39.07,40.17,19.86,18.57,20.61,38.59,36.03,36.18,22.09,30.61,29.32,93.29,24.95,25.61,14.17,36.87,37.24,141.98,34.29,35.20,100.51,133.25,33.24,66.87,56.09,24.83,25.42,99.92,97.79,79.28,24.61,24.90,24.53,25.20,49.24,73.74,38.12,17.94,46.91,44.19,78.78,54.45,104.60,96.13,98.40,98.39,91.11,88.96,68.01,67.76,37.21,37.49,129.08,128.64,26.15,26.10,45.70,45.81,22.78,23.85,11.18,11.08,78.87,36.97,87.53,87.46,112.60,92.76,97.34,68.56,49.88,49.22,100.70,10.79,11.54,21.99,23.16,89.80,89.76,25.16,26.87,155.60,67.05,70.02,78.88,90.78,158.41,56.83,56.75,61.79,61.79,85.80,34.15,34.79,35.75,35.57,42.34,155.32,155.50,80.11,78.98,92.42,87.11,16.70,17.30
30,28,F,A - White ,158.80,49.44,52.50,84.45,87.91,16.20,86.76,42.83,43.95,31.01,34.99,20.85,21.13,37.90,40.48,55.46,54.35,41.97,42.59,21.96,19.82,24.01,36.90,33.72,33.70,19.89,25.69,26.65,82.66,21.22,21.82,12.10,33.05,34.09,132.33,31.65,31.61,86.54,134.69,32.27,71.71,48.36,22.59,23.78,99.07,98.86,68.81,22.60,24.40,22.66,24.10,47.41,65.31,34.18,16.20,40.64,45.28,78.17,61.56,90.76,84.84,94.85,94.00,80.10,91.61,72.93,73.56,30.87,31.51,131.63,130.60,23.96,22.93,39.62,41.64,19.88,20.66,11.32,11.21,68.61,36.33,90.80,90.41,102.16,84.27,90.57,72.62,50.84,49.08,95.81,10.72,10.26,24.76,30.00,92.50,92.22,22.72,22.69,143.20,69.43,70.75,79.68,79.79,158.84,49.48,50.30,66.63,66.63,73.38,29.92,30.44,39.45,38.72,32.41,142.37,140.97,71.24,68.77,80.69,89.92,15.38,15.03
44,28,F,A - White ,161.40,63.40,55.40,95.37,88.85,16.54,99.79,44.39,55.06,28.74,43.32,23.47,23.12,48.93,46.54,53.09,53.14,40.05,40.79,24.36,18.78,25.43,40.40,37.59,37.91,20.81,30.75,27.82,95.00,26.71,27.85,13.81,37.53,37.67,140.92,36.03,36.14,97.84,137.77,31.64,72.31,57.37,26.80,24.41,100.97,99.75,78.07,22.01,22.92,25.91,24.50,51.57,71.47,38.66,17.08,47.82,27.23,87.27,66.26,105.63,94.24,107.79,107.68,90.86,93.12,73.05,72.89,36.17,36.15,133.52,133.17,27.02,27.47,48.84,48.29,22.64,22.67,11.70,11.62,76.51,34.33,92.17,92.96,111.46,95.29,105.91,73.52,55.27,54.54,102.24,11.52,12.68,24.98,27.97,93.55,93.77,26.69,28.22,156.70,70.03,71.99,90.67,90.42,161.74,61.07,61.95,67.23,67.23,80.59,35.76,35.49,40.07,40.48,38.61,156.52,156.77,84.33,76.66,91.27,92.15,15.83,16.17
78,28,F,A - White ,167.70,70.65,58.50,100.03,92.55,20.33,101.11,44.92,56.19,31.04,45.45,25.82,25.85,45.09,46.82,56.41,55.54,42.10,43.13,20.56,18.73,21.32,41.93,38.40,38.55,24.52,30.49,30.71,94.56,24.49,22.83,11.94,39.31,39.13,148.82,34.54,34.43,100.18,141.76,33.20,72.22,61.07,25.02,24.83,105.42,103.83,79.30,21.82,25.43,23.97,23.53,57.79,73.86,40.11,20.33,51.37,31.07,84.46,68.37,102.91,96.23,114.38,114.37,93.13,96.74,75.91,74.66,37.88,37.72,137.36,136.11,26.71,24.75,47.18,47.06,26.04,25.91,9.21,11.56,78.63,37.93,95.73,96.06,113.18,96.52,107.96,73.77,51.39,49.56,102.49,12.18,12.16,23.18,25.17,98.11,98.14,25.90,24.39,159.71,72.74,74.73,97.57,92.84,165.74,60.16,59.63,67.14,67.14,82.70,36.70,36.65,38.60,40.08,40.48,160.17,157.33,82.86,78.96,94.97,95.38,15.87,16.21
86,28,F,A - White ,170.00,102.80,57.10,120.27,88.39,10.13,113.40,51.69,61.71,33.91,44.54,27.51,27.64,56.90,64.61,59.67,62.95,41.87,45.54,31.78,20.55,35.01,42.12,39.01,39.69,15.93,40.54,38.60,114.59,29.02,31.48,15.69,48.50,47.22,156.15,42.91,45.25,114.53,144.69,39.97,78.26,55.13,31.02,30.94,106.26,104.13,100.42,24.13,26.69,29.93,30.48,61.56,74.43,40.15,10.13,60.33,37.31,122.61,57.07,122.85,107.00,124.43,122.82,117.67,94.19,80.20,79.79,47.48,47.99,143.11,141.67,35.63,34.28,63.64,65.11,27.84,27.93,9.54,9.54,95.80,41.63,92.23,92.61,130.39,116.38,122.06,78.42,72.13,70.04,116.79,12.79,11.00,26.70,29.41,94.59,94.48,33.87,33.39,175.99,76.60,82.05,111.21,117.28,171.70,75.16,78.63,73.18,73.18,95.88,45.52,44.10,42.62,41.43,40.10,175.26,174.73,112.14,96.03,115.98,92.08,19.60,20.18
94,28,F,A - White ,174.50,70.25,55.40,90.66,100.17,20.33,96.84,37.82,58.92,26.44,48.26,23.28,23.63,44.36,50.01,57.88,57.97,44.84,44.37,22.69,19.33,23.98,44.33,40.53,40.33,25.19,31.90,30.69,91.07,25.49,24.32,14.32,39.32,38.98,146.70,36.14,35.56,95.55,149.28,32.07,79.84,61.52,26.44,26.72,109.79,109.86,74.11,22.12,22.92,25.63,26.14,55.74,75.49,40.14,21.39,43.76,45.68,82.94,65.43,98.84,91.08,112.08,111.27,82.83,105.04,81.29,81.05,41.32,40.75,144.13,144.07,26.56,25.68,51.42,49.87,23.51,23.80,11.52,11.52,72.79,38.79,104.28,104.63,114.34,89.78,107.46,80.64,52.51,53.06,102.11,12.84,11.67,26.11,23.14,106.21,106.34,25.75,25.49,161.26,76.85,76.62,74.23,82.53,172.84,59.96,59.28,74.76,74.76,85.34,37.31,37.47,41.96,42.23,47.76,157.01,159.59,78.01,72.84,85.93,103.55,16.41,16.68
75,28,F,R - Chinese,167.10,58.35,53.80,87.73,90.94,16.31,91.75,42.21,49.25,25.85,41.30,22.18,23.53,39.59,43.59,55.34,54.96,43.56,42.99,25.18,20.01,26.51,39.58,37.25,37.13,19.82,27.87,26.88,89.09,25.68,26.47,14.23,39.67,39.58,138.50,37.46,36.33,90.69,142.67,32.41,74.62,49.32,23.70,24.33,105.53,103.57,72.43,22.66,24.81,24.01,24.97,47.07,71.54,38.70,16.31,43.28,47.40,89.83,58.41,103.05,90.25,96.55,94.29,82.95,94.44,76.50,75.78,36.61,37.25,138.10,137.60,28.98,28.14,47.18,49.29,22.32,23.76,13.01,10.97,72.12,37.64,93.11,92.99,109.92,89.41,92.96,74.78,58.90,59.13,100.43,11.86,12.03,22.64,25.49,94.93,94.95,27.30,28.94,154.15,72.55,72.21,71.97,82.62,164.52,53.24,54.79,69.54,69.54,76.32,34.48,34.37,39.72,39.28,38.96,151.58,152.21,78.28,72.26,85.26,92.81,16.10,15.54
35,29,F,A - White ,159.90,46.90,53.90,73.62,90.47,18.77,83.28,34.52,48.32,25.24,44.24,23.95,24.12,40.00,41.85,51.64,51.77,41.70,41.57,21.75,18.82,22.30,37.79,35.92,36.31,21.68,25.64,24.41,77.86,22.24,21.97,11.89,35.03,35.33,136.83,32.40,33.26,81.90,138.16,32.06,71.70,55.08,23.42,23.22,102.69,102.16,63.58,21.78,21.28,22.97,23.48,45.27,69.08,38.44,18.77,34.85,27.90,76.01,54.57,87.97,81.39,90.76,89.27,69.73,93.38,72.53,72.22,34.69,34.64,132.83,132.23,25.00,24.14,43.36,43.82,23.78,23.94,11.22,11.26,62.30,34.77,92.58,92.65,104.26,75.69,87.16,72.00,50.78,50.20,96.16,11.88,11.93,23.74,25.25,94.96,95.17,23.34,24.70,149.73,67.67,69.56,63.52,69.51,160.41,50.61,51.82,66.62,66.62,71.54,33.07,32.54,37.30,37.44,40.35,148.11,146.54,64.06,62.35,71.00,92.11,16.17,15.75
74,29,F,A - White ,166.10,74.50,57.50,104.14,95.47,8.29,106.41,46.40,60.02,30.41,43.11,26.54,26.09,51.83,48.80,56.69,57.33,41.84,43.79,24.61,19.68,26.42,43.33,40.22,40.48,14.71,33.53,32.94,102.56,20.26,30.43,16.76,38.99,38.90,125.01,34.79,36.89,105.26,144.45,33.50,87.18,53.46,26.21,26.34,107.00,102.97,95.08,22.78,23.39,25.32,26.02,47.36,62.01,41.42,10.29,52.49,33.49,89.94,59.06,111.32,101.50,104.79,103.58,99.72,101.89,87.36,87.34,42.04,42.42,140.25,139.83,28.37,26.90,55.50,56.75,26.23,26.31,12.22,12.22,85.79,37.39,100.66,100.42,123.00,101.45,104.10,87.34,56.32,55.76,108.49,13.69,12.10,19.42,26.03,102.97,102.58,26.68,25.36,149.16,74.49,77.12,97.56,99.35,166.94,70.23,76.40,82.10,82.10,86.44,37.37,37.39,42.66,42.36,43.62,150.45,151.30,96.65,86.33,100.20,100.27,17.56,17.76
83,29,F,A - White ,168.30,55.65,56.50,86.81,98.88,20.90,94.57,39.78,54.77,26.64,44.56,21.24,21.76,42.75,40.80,56.13,57.42,44.51,45.74,21.86,18.59,22.50,41.06,37.85,37.85,24.61,26.84,25.05,89.20,26.50,26.33,12.44,33.92,33.74,142.32,36.16,35.88,93.23,147.29,33.85,77.98,58.93,22.81,22.27,107.22,106.70,72.80,24.48,24.47,22.62,21.77,43.63,73.98,37.24,21.11,45.46,27.45,88.92,60.73,103.81,88.15,91.98,91.93,81.95,102.60,78.79,78.78,33.18,33.57,141.30,141.86,26.34,26.79,40.53,41.38,21.30,20.37,12.16,14.60,70.40,39.45,101.62,101.74,110.50,86.47,91.59,79.85,53.05,54.34,97.22,11.22,11.70,22.80,24.08,103.35,103.40,25.64,28.37,156.44,73.79,74.99,86.70,81.71,170.61,49.13,50.53,72.90,72.90,75.44,31.24,30.65,41.76,41.39,41.59,152.38,154.48,74.66,70.51,83.82,101.53,14.63,14.23
25,29,F,R - Chinese,158.00,54.65,56.00,87.61,85.42,16.66,83.95,39.71,44.20,26.26,35.00,25.98,25.84,39.71,40.00,52.92,53.29,40.00,40.21,23.60,19.73,25.42,34.84,31.96,32.28,20.38,27.89,27.34,82.77,21.61,22.36,11.78,37.43,38.15,137.58,31.16,32.03,83.91,135.56,33.11,68.76,54.72,22.86,23.10,102.64,101.44,70.86,21.33,22.29,23.12,24.45,47.39,67.78,35.39,16.66,43.78,48.38,76.89,58.75,88.89,83.76,97.76,97.53,82.22,89.14,68.89,68.89,37.31,36.36,132.29,132.28,24.50,23.84,45.43,45.49,24.78,25.16,11.11,10.93,70.22,36.14,87.95,88.35,105.79,88.16,97.21,69.94,52.09,51.59,98.28,11.31,9.32,21.04,27.43,89.82,89.83,21.18,23.42,155.55,67.31,67.87,84.23,81.88,158.98,53.82,55.51,63.68,63.68,73.87,34.32,34.43,36.89,37.14,34.10,154.18,154.54,74.52,70.26,84.01,87.83,15.65,16.25
33,29,F,R - Chinese,159.40,42.00,55.30,78.76,88.46,19.88,79.80,36.13,43.17,24.40,36.93,23.10,22.30,34.98,33.18,53.53,53.24,42.24,41.73,20.31,18.59,20.90,33.15,31.02,31.22,23.71,22.13,20.79,77.52,21.32,20.14,11.80,32.48,32.83,135.37,29.81,31.12,79.07,133.41,28.41,68.58,58.64,20.86,20.25,98.67,99.05,65.78,21.45,21.92,20.18,20.02,43.73,68.24,31.75,20.55,38.97,41.09,76.68,59.33,88.27,78.12,88.97,88.97,72.80,92.29,70.19,69.39,33.82,33.10,129.67,130.05,23.50,22.69,38.00,37.91,21.13,21.29,13.68,13.77,65.60,33.72,91.28,91.43,98.46,78.23,87.44,70.23,46.91,46.38,90.50,10.79,8.41,21.10,26.18,93.31,93.39,20.94,23.21,147.79,67.79,67.87,66.20,72.56,159.73,45.74,46.11,63.50,63.50,70.31,31.57,31.61,37.23,37.75,34.00,146.35,146.48,69.07,65.68,74.66,91.13,14.95,13.55
32,30,F,A - White ,159.20,66.50,56.40,100.51,88.56,17.95,103.21,40.06,62.99,25.51,41.13,26.23,26.47,43.71,45.79,49.47,49.44,37.17,37.76,21.54,19.60,23.22,39.81,37.54,37.00,22.63,29.02,29.50,96.67,22.66,29.31,15.19,37.90,37.59,145.26,35.18,35.76,102.07,138.82,31.92,70.61,58.94,24.66,24.50,105.06,103.46,82.34,22.79,23.19,24.43,24.58,52.80,72.97,42.35,17.95,52.26,45.22,85.72,57.90,109.42,98.20,108.19,107.47,96.73,93.24,71.50,71.31,36.02,37.26,133.98,133.66,27.49,28.30,48.09,50.47,24.63,25.26,9.51,12.34,82.13,34.78,92.31,91.97,119.00,96.11,104.87,71.62,54.99,53.10,101.91,13.51,12.47,18.38,18.98,93.95,93.96,27.68,27.40,160.05,65.54,67.58,95.28,96.33,159.05,61.68,61.92,65.53,65.53,85.83,34.91,35.12,38.45,37.77,49.04,161.80,160.51,92.04,82.42,96.19,91.44,15.99,16.62
68,30,F,A - White ,165.50,64.10,56.30,95.72,91.10,14.13,97.20,45.62,51.41,29.52,41.07,23.60,23.82,45.30,46.29,53.94,53.53,41.73,41.58,24.20,19.56,26.01,43.82,40.56,39.90,18.68,29.73,27.03,93.82,25.29,24.83,14.40,35.03,36.54,140.24,33.77,33.84,95.22,143.20,34.32,76.97,50.82,24.87,24.76,106.47,106.49,81.68,21.76,21.80,24.09,24.35,45.95,69.24,42.40,14.13,50.21,50.06,82.40,68.01,103.11,95.56,99.07,99.08,95.35,95.65,77.13,77.17,37.11,36.58,139.26,139.27,25.59,24.76,47.00,46.41,22.60,22.59,11.60,11.52,81.62,38.86,94.08,94.17,112.80,95.40,98.83,78.54,53.68,53.39,103.43,12.89,13.68,24.25,24.96,95.84,96.12,24.56,25.28,157.18,72.05,72.57,95.00,94.98,165.41,54.55,56.32,71.89,71.89,84.44,33.31,33.68,40.11,40.46,38.37,157.04,156.24,87.97,81.64,93.87,93.88,15.94,15.92
45,30,F,R - Chinese,161.40,59.65,54.40,90.40,88.21,17.05,96.73,46.21,50.31,28.62,40.93,24.95,25.79,41.28,40.63,50.72,51.66,39.62,40.24,23.25,18.80,24.14,42.48,39.08,39.38,22.10,25.92,25.25,93.39,28.10,26.24,14.42,38.33,39.68,145.44,35.88,36.17,96.91,139.66,33.11,71.15,56.49,23.01,22.73,105.08,104.06,79.35,23.21,23.52,23.53,24.23,45.79,73.64,38.33,18.38,44.40,46.70,92.64,63.44,106.06,91.96,96.29,95.97,85.38,93.25,71.49,71.56,37.07,36.66,135.03,133.96,26.83,26.63,45.91,46.40,24.42,24.75,11.30,11.41,77.13,35.90,91.73,91.81,110.63,89.70,93.72,72.28,55.07,52.70,102.54,12.78,11.72,21.74,25.14,94.11,94.06,26.10,26.33,156.72,69.37,70.13,77.10,85.17,162.29,55.40,56.53,66.07,66.07,80.64,35.66,35.54,38.38,39.36,38.60,159.10,155.29,78.85,77.24,86.75,91.66,15.51,16.01